Site,Daily Pageviews (in Billions),Date
Google.com,17.11,25/05/13
Youtube.com,9.95,26/05/13
Facebook.com,8.82,27/05/13
Wikipedia.org,3.12,28/05/13
Acbar.org,5.9,29/05/13
Khaama.com,8.8,30/05/13
Bbc.com,2.62,31/05/13
Stackoverflow.com,3.92,01/06/13
Yahoo.com,4.83,02/06/13
Aparat.com,5.17,03/06/13
Microsoft.com,3.29,04/06/13
Google.com.af,2.5,05/06/13
O4af.com,4.2,06/06/13
Amazon.com,9.9,07/06/13
Rahim-soft.com,13,08/06/13
Maskanyab.af,14,09/06/13
Etilaatroz.com,4.5,10/06/13
8am.af,2.4,11/06/13
Helms.edu.af,25,12/06/13
Telegram.org,3.53,13/06/13
Ecer.com,1.7,14/06/13
Movie.af,5.4,15/06/13
Tolonews.com,3.6,16/06/13
Udemy.com,7.75,17/06/13
Github.com,6.42,18/06/13
Twitter.com,10.5,19/06/13
Jobs.af,2.5,20/06/13
Azadiradio.com,3.6,21/06/13
Live.com,5.47,22/06/13
T.me,1.55,23/06/13
Varzesh3.com,4.94,24/06/13
Inolitix-dev.azurewebsites.net,7.1,25/06/13
Nsia.gov.af,2.4,26/06/13
Idroidzone.com,9.2,27/06/13
Turkiyeburslari.gov.tr,10,28/06/13
Visualstudio.com,3.35,29/06/13
Intuit.com,6.03,30/06/13
Instagram.com,9.9,01/07/13
Nadra.gov.pk,6.6,02/07/13
Zendesk.com,7.51,03/07/13
Namnak.com,1.7,04/07/13
Tanbali.com,6.6,05/07/13
Apple.com,3.87,06/07/13
Chekad.tv,8.1,07/07/13
Itv.world,17,08/07/13
Beytoote.com,1.6,09/07/13
Savefrom.net,1.41,10/07/13
Medium.com,2.09,11/07/13
Iarcsc.gov.af,3,12/07/13
Ariananews.af,3.6,13/07/13
Gjirafa.com,5.5,14/07/13
Gazetaexpress.com,4.5,15/07/13
Panorama.com.al,5,16/07/13
Syri.net,3.5,17/07/13
Balkanweb.com,4,18/07/13
Dailyxing.com,1.9,19/07/13
Classlifestyle.com,1.5,20/07/13
Tvklan.al,2.7,21/07/13
Abcnews.al,9,22/07/13
Bongacams.com,1.58,23/07/13
Anabelmagazine.com,2.4,24/07/13
Klankosova.tv,2.3,25/07/13
Lajmi.net,4,26/07/13
Filma24.ai,5.75,27/07/13
Adrianet.al,1.8,28/07/13
Albeu.com,3.5,29/07/13
The-living-media.com,1.6,30/07/13
Faxweb.al,2.9,31/07/13
Netflix.com,3.26,01/08/13
Kallxo.com,2,02/08/13
Aliexpress.com,8.53,03/08/13
Telegrafi.com,4.81,04/08/13
Noa.al,21,05/08/13
Top-channel.tv,4.27,06/08/13
Reddit.com,4.51,07/08/13
Gjirafa50.com,10,08/08/13
Merrjep.al,20,09/08/13
Myshopify.com,13.92,10/08/13
Shqiptarja.com,4.3,11/08/13
Kosovajob.com,3.9,12/08/13
Insajderi.com,1.7,13/08/13
Adobe.com,3.42,14/08/13
E-albania.al,4.6,15/08/13
Google.al,9.7,16/08/13
Twitch.tv,3.74,17/08/13
Oranews.tv,5.8,18/08/13
Whatsapp.com,1.21,19/08/13
Indeksonline.net,3.5,20/08/13
Wetransfer.com,1.64,21/08/13
Njoftime.com,14,22/08/13
Ouedkniss.com,9.3,23/08/13
Google.dz,6.86,24/08/13
Ennaharonline.com,2.99,25/08/13
Google.fr,4.42,26/08/13
Ency-education.com,8.92,27/08/13
Echoroukonline.com,2.57,28/08/13
Elbilad.net,2.1,29/08/13
Dzexams.com,8.66,30/08/13
Elkhabar.com,2.43,31/08/13
Mediafire.com,2.5,01/09/13
Algerie360.com,1.8,02/09/13
Mesrs.dz,4.66,03/09/13
Xhamster3.com,11.7,04/09/13
Blogger.com,7.79,05/09/13
Poste.dz,4.18,06/09/13
Kooora.com,1.05,07/09/13
Alwafd.news,1.71,08/09/13
Djelfa.info,2.45,09/09/13
Mawdoo3.com,1.79,10/09/13
Videocampaign.co,1.34,11/09/13
Iqbroker.com,1.1,12/09/13
Youm7.com,4.39,13/09/13
Esheeq.co,3.51,14/09/13
Education.gov.dz,8.74,15/09/13
Bing.com,2.63,16/09/13
Redbubble.com,8.2,17/09/13
Eddirasa.com,2.56,18/09/13
Dailymotion.com,2.78,19/09/13
Cima4u.io,6.44,20/09/13
Ebay.com,7.87,21/09/13
Arabi21.com,2.9,22/09/13
Amazon.fr,6.3,23/09/13
Freepik.com,6.98,24/09/13
Google.com.ar,6.16,25/09/13
Mercadolibre.com.ar,12.6,26/09/13
Afip.gob.ar,10.9,27/09/13
Infobae.com,2.91,28/09/13
Clarin.com,1.9,29/09/13
Redlink.com.ar,3.23,30/09/13
Elintransigente.com,1.9,01/10/13
Lanacion.com.ar,2.32,02/10/13
Mercadopago.com.ar,5.71,03/10/13
Argentina.gob.ar,2.97,04/10/13
Ole.com.ar,2.27,05/10/13
Santander.com.ar,4.5,06/10/13
Zoom.us,3.86,07/10/13
Bancogalicia.com.ar,9.76,08/10/13
Ellitoral.com,2.3,09/10/13
Bbva.com.ar,5.88,10/10/13
Daum.net,9.69,11/10/13
Pagina12.com.ar,2,12/10/13
Diariopanorama.com,2.5,13/10/13
Naver.com,11.3,14/10/13
Mercadolibre.com,4.1,15/10/13
Bancainternet.com.ar,5.11,16/10/13
Bna.com.ar,1.71,17/10/13
Anses.gob.ar,4.38,18/10/13
Perfil.com,2.51,19/10/13
Office.com,9.93,20/10/13
Xvideos.com,9.93,21/10/13
Msn.com,2.76,22/10/13
Futbollibre.online,2.86,23/10/13
Spotify.com,4.74,24/10/13
Tistory.com,4.27,25/10/13
Ambito.com,2,26/10/13
List.am,16.3,27/10/13
Ok.ru,2.37,28/10/13
Google.ru,4.48,29/10/13
Mail.ru,2.77,30/10/13
News.am,4.21,31/10/13
Yandex.ru,3.86,01/11/13
Google.am,4.8,02/11/13
Emis.am,9.01,03/11/13
Vk.com,3.79,04/11/13
Vivarobet.am,4,05/11/13
Totogaming.am,5.5,06/11/13
Mamul.am,3.4,07/11/13
Merojax.tv,4.2,08/11/13
Friv.com,4.06,09/11/13
Vseigru.net,10.4,10/11/13
Adjarabet.am,1.7,11/11/13
1in.am,3.7,12/11/13
Ivi.ru,2.64,13/11/13
Aliexpress.ru,6.51,14/11/13
Inecobank.am,4.8,15/11/13
Armfilm.co,3.3,16/11/13
Rate.am,1.4,17/11/13
168.am,2.4,18/11/13
Rezka.ag,3.31,19/11/13
Tert.am,3.8,20/11/13
Blognews.am,3.2,21/11/13
Chaturbate.com,8.31,22/11/13
Ysu.am,3.1,23/11/13
Kickstarter.com,3.56,24/11/13
Auto.am,6.9,25/11/13
1lurer.am,23,26/11/13
Wildberries.am,11,27/11/13
Shamshyan.com,2.8,28/11/13
Globbing.com,4.9,29/11/13
Google.com.au,9.4,30/11/13
Ebay.com.au,7.56,01/12/13
Amazon.com.au,7.03,02/12/13
Realestate.com.au,7.7,03/12/13
Commbank.com.au,5.31,04/12/13
News.com.au,3.46,05/12/13
Seek.com.au,8.67,06/12/13
Abc.net.au,2.18,07/12/13
Microsoftonline.com,1.87,08/12/13
Gumtree.com.au,6.77,09/12/13
Nsw.gov.au,4.35,10/12/13
Westpac.com.au,4.95,11/12/13
Nab.com.au,7.38,12/12/13
Alibaba.com,8.99,13/12/13
My.gov.au,3.51,14/12/13
Anz.com,7.45,15/12/13
Auspost.com.au,4.76,16/12/13
Xero.com,8.76,17/12/13
Ato.gov.au,6.08,18/12/13
Linkedin.com,8.42,19/12/13
Domain.com.au,4.96,20/12/13
Dropbox.com,3.97,21/12/13
Coinspot.com.au,8.71,22/12/13
Commsec.com.au,6.31,23/12/13
Carsales.com.au,7.32,24/12/13
Bom.gov.au,2.9,25/12/13
Tradingview.com,3.35,26/12/13
Bunnings.com.au,3.98,27/12/13
Amazonaws.com,2.33,28/12/13
Google.at,3.29,29/12/13
Amazon.de,6.6,30/12/13
Willhaben.at,5.3,31/12/13
Orf.at,2.8,01/01/14
Gmx.net,3.77,02/01/14
Derstandard.at,2.3,03/01/14
Sparkasse.at,4.1,04/01/14
Gmx.at,2.2,05/01/14
Krone.at,2.7,06/01/14
Univie.ac.at,5.1,07/01/14
Booksusi.com,3,08/01/14
Bmf.gv.at,6.8,09/01/14
Raiffeisen.at,5,10/01/14
Win2day.at,2.9,11/01/14
Tuwien.ac.at,4.7,12/01/14
E-ams.at,4.7,13/01/14
Livejasmin.com,1.79,14/01/14
Pornhub.com,3.32,15/01/14
Unzensuriert.at,2.9,16/01/14
Bawagpsk.com,3.4,17/01/14
Google.de,3.78,18/01/14
Chip.de,2.03,19/01/14
Post.at,3.2,20/01/14
Padlet.com,2.36,21/01/14
Uncut-news.ch,2.1,22/01/14
Ebay.at,3.4,23/01/14
Duckduckgo.com,1.11,24/01/14
Fandom.com,3.37,25/01/14
Redd.it,2.09,26/01/14
Rt.com,2.58,27/01/14
Bet365.com,1.82,28/01/14
Geizhals.at,2.6,29/01/14
Mjam.net,3.6,30/01/14
Google.az,5.12,31/01/14
Tap.az,9.78,01/02/14
Turbo.az,10.6,02/02/14
Oxu.az,5.9,03/02/14
Kapitalbank.az,3.17,04/02/14
E-taxes.gov.az,5.95,05/02/14
Trendyol.com,11.7,06/02/14
Virtual.edu.az,1.12,07/02/14
Qafqazinfo.az,4.51,08/02/14
E-derslik.edu.az,3.29,09/02/14
Haqqin.az,5.19,10/02/14
Azertag.az,4.64,11/02/14
Amazon.co.jp,9.73,12/02/14
E-gov.az,5.57,13/02/14
Nicovideo.jp,9.44,14/02/14
Google.co.jp,12.5,15/02/14
Algoritmika.az,3.2,16/02/14
Yahoo.co.jp,8.98,17/02/14
Yenicag.az,4.3,18/02/14
Kontakt.az,4.8,19/02/14
Bina.az,10,20/02/14
Big.az,6.8,21/02/14
My.gov.az,2.96,22/02/14
Musavat.com,4.47,23/02/14
Report.az,5.25,24/02/14
Apa.az,16,25/02/14
Unec.edu.az,5.9,26/02/14
Hesab.az,4.9,27/02/14
Anl.az,3,28/02/14
Axar.az,5,01/03/14
Luckyforbet.com,1.5,02/03/14
Lalafo.az,4.5,03/03/14
Milli.az,3.5,04/03/14
Roblox.com,8.89,05/03/14
Lotterypost.com,2.2,06/03/14
1on1lms.com,9.3,07/03/14
Walmart.com,5.05,08/03/14
Cnn.com,2.44,09/03/14
Go.com,2.06,10/03/14
Alrahming.com,15,11/03/14
Eagleproweb.com,5,12/03/14
Google.bs,3.6,13/03/14
Shein.com,8.75,14/03/14
Playmas.today,10,15/03/14
Ugottahost.com,7.7,16/03/14
Divinepraises.org,2.2,17/03/14
Tribune242.com,2.2,18/03/14
Biblegateway.com,1.45,19/03/14
Expedia.com,3.18,20/03/14
Combankltd.com,4,21/03/14
Ncrease.com,6.8,22/03/14
Archive.org,6.81,23/03/14
Ai.marketing,3.32,24/03/14
Plusportals.com,3,25/03/14
Wordpress.com,2.57,26/03/14
Cnbc.com,1.72,27/03/14
Lukayans.com,4.7,28/03/14
Google.com.bh,4.63,29/03/14
Edunet.bh,8.28,30/03/14
Bahrain.bh,5.9,31/03/14
Manoramaonline.com,5.92,01/04/14
Alayam.com,2.2,02/04/14
Alwatannews.net,1.6,03/04/14
Lmra.gov.bh,11,04/04/14
Mathrubhumi.com,4.29,05/04/14
Lmra.bh,2.3,06/04/14
Uob.edu.bh,4.3,07/04/14
Chess.com,9.48,08/04/14
Moebh-my.sharepoint.com,2.2,09/04/14
Etoro.com,6.77,10/04/14
Benefit-gateway.bh,2.2,11/04/14
Sijilat.bh,2.4,12/04/14
Olx.com.bh,7.3,13/04/14
Imdb.com,4.87,14/04/14
Ekey.bh,2.3,15/04/14
Gdnonline.com,2.1,16/04/14
Dspultra.com,2.01,17/04/14
Propertyfinder.bh,6.3,18/04/14
Expatriates.com,7.06,19/04/14
S1-n.com,1.1,20/04/14
Prothomalo.com,3.94,21/04/14
Somoynews.tv,4.43,22/04/14
Jagonews24.com,6.44,23/04/14
Kalerkantho.com,3.63,24/04/14
Bdnews24.com,3.13,25/04/14
Bd-pratidin.com,5.31,26/04/14
Google.com.bd,9.66,27/04/14
Jugantor.com,3.94,28/04/14
Banglanews24.com,4.16,29/04/14
Daraz.com.bd,7.98,30/04/14
Teletalk.com.bd,6.63,01/05/14
Ittefaq.com.bd,3.93,02/05/14
Bdjobs.com,5.02,03/05/14
Rtvonline.com,9.29,04/05/14
Thedailystar.net,2.6,05/05/14
Fiverr.com,7.29,06/05/14
Banglatribune.com,3.38,07/05/14
Startech.com.bd,4.1,08/05/14
Risingbd.com,5.79,09/05/14
Dainikshiksha.com,2.43,10/05/14
Cricbuzz.com,4.4,11/05/14
Samakal.com,3.15,12/05/14
Evaly.com.bd,7.6,13/05/14
Bikroy.com,8.9,14/05/14
Priyo.com,3.1,15/05/14
Espncricinfo.com,3.77,16/05/14
Ntvbd.com,3.24,17/05/14
Portal.gov.bd,1.85,18/05/14
Dsebd.org,4.15,19/05/14
Daily-bangladesh.com,10.9,20/05/14
Fast.com,1.01,21/05/14
Anandabazar.com,4.56,22/05/14
Nationnews.com,4.2,23/05/14
Barbadostoday.bb,2.1,24/05/14
Uwi.edu,7.5,25/05/14
Newsmemory.com,1.4,26/05/14
Dailymail.co.uk,2.05,27/05/14
Gisbarbados.gov.bb,2.1,28/05/14
Caribbeanjobsonline.com,6,29/05/14
Emailsrvr.com,4.15,30/05/14
Tumblr.com,3.76,31/05/14
Reuters.com,1.83,01/06/14
Bbc.co.uk,3.41,02/06/14
Jw.org,7.11,03/06/14
Fedex.com,2.55,04/06/14
Espn.com,4.15,05/06/14
News784.com,2.3,06/06/14
Firstcaribbeanbank.com,2.5,07/06/14
Audible.com,4.05,08/06/14
Thro.bz,12,09/06/14
Monster.com,2.05,10/06/14
Camgirlvideos.org,8.9,11/06/14
Storeleads.app,23.7,12/06/14
Intacct.com,4.2,13/06/14
Tut.by,3.61,14/06/14
Yandex.by,2.78,15/06/14
Onliner.by,4.19,16/06/14
Kufar.by,8.03,17/06/14
Schools.by,5.3,18/06/14
Asb.by,24.6,19/06/14
Google.by,3.6,20/06/14
Wildberries.ru,9.93,21/06/14
Seasonvar.ru,2.19,22/06/14
Av.by,6.74,23/06/14
21vek.by,5.16,24/06/14
Gismeteo.by,2.54,25/06/14
Deal.by,3.07,26/06/14
Rabota.by,6.6,27/06/14
Filmix.co,2.88,28/06/14
Kp.by,1.3,29/06/14
Edu.by,2.87,30/06/14
Baskino.me,2.27,01/07/14
Talks.by,2.5,02/07/14
Kinogo.biz,3.6,03/07/14
Fb.ru,1.27,04/07/14
Myfin.by,1.4,05/07/14
Beltelecom.by,2.5,06/07/14
Pm.by,2.1,07/07/14
Bsu.by,3.08,08/07/14
E-dostavka.by,11.4,09/07/14
Rambler.ru,2.64,10/07/14
Realt.by,8.1,11/07/14
Jut.su,7.33,12/07/14
Belapb.by,5.3,13/07/14
Rutracker.org,2.61,14/07/14
5element.by,3.8,15/07/14
Belinvestbank.by,8.5,16/07/14
Google.be,3.83,17/07/14
Hln.be,2.8,18/07/14
Vrt.be,2.1,19/07/14
Smartschool.be,4.1,20/07/14
Nieuwsblad.be,3.5,21/07/14
Kuleuven.be,6,22/07/14
Xhamster.com,9.52,23/07/14
Standaard.be,2.7,24/07/14
2dehands.be,4.2,25/07/14
Bol.com,3.8,26/07/14
Belgium.be,3,27/07/14
Kogeka-my.sharepoint.com,2.5,28/07/14
Rtbf.be,2.5,29/07/14
Bnpparibasfortis.be,6,30/07/14
Tweakers.net,3,31/07/14
Telenet.be,2,01/08/14
Proximus.be,2.9,02/08/14
Fgov.be,3,03/08/14
Vlaanderen.be,3.6,04/08/14
Ulb.ac.be,4.8,05/08/14
Knooppunt.net,2.9,06/08/14
Bingel.be,9.2,07/08/14
Office.net,1.04,08/08/14
Bookwidgets.com,3.8,09/08/14
Vagina.nl,4.6,10/08/14
9gag.com,4.55,11/08/14
Luxuretv.com,8.6,12/08/14
Gva.be,2,13/08/14
Google.com.bo,4.9,14/08/14
Eldeber.com.bo,2.8,15/08/14
Bancounion.com.bo,7.1,16/08/14
Minedu.gob.bo,5.4,17/08/14
Trabajopolis.bo,6.1,18/08/14
Impuestos.gob.bo,8.7,19/08/14
Lostiempos.com,2.6,20/08/14
Paginasiete.bo,2.5,21/08/14
Hotmart.com,5.08,22/08/14
Scribd.com,2.27,23/08/14
Opinion.com.bo,2.9,24/08/14
Slideshare.net,2.21,25/08/14
Pelisplus.me,4.28,26/08/14
Usfx.bo,6.9,27/08/14
Bnb.com.bo,7.7,28/08/14
Umss.edu.bo,7.3,29/08/14
Umsa.bo,3.9,30/08/14
Sicoes.gob.bo,2.3,31/08/14
Uajms.edu.bo,7.7,01/09/14
Uagrm.edu.bo,5.7,02/09/14
Tiktok.com,6.9,03/09/14
Sie.gob.bo,8.2,04/09/14
Unitel.bo,2.1,05/09/14
Bmsc.com.bo,3.1,06/09/14
La-razon.com,2,07/09/14
Google.es,3.5,08/09/14
Y2mate.com,3.6,09/09/14
Avaz.ba,5.28,10/09/14
Klix.ba,4.73,11/09/14
Olx.ba,9.36,12/09/14
Google.ba,3.45,13/09/14
Hercegovina.info,2.2,14/09/14
Expresstabloid.ba,1.6,15/09/14
Index.hr,3.35,16/09/14
Nezavisne.com,5.8,17/09/14
Rezultati.com,12.9,18/09/14
Radiosarajevo.ba,4,19/09/14
Cazin.net,12,20/09/14
Jutarnji.hr,2.9,21/09/14
Azra.ba,1.3,22/09/14
Hdsaprevodom.com,4.1,23/09/14
Bljesak.info,4.2,24/09/14
Oslobodjenje.ba,3,25/09/14
Rtvbn.com,4.5,26/09/14
B92.net,3.8,27/09/14
Slobodna-bosna.ba,6.5,28/09/14
Krajina.ba,20,29/09/14
Dnevnik.hr,2.7,30/09/14
6yka.com,3.2,01/10/14
Raiffeisenbank.ba,4.5,02/10/14
Filmoviplex.com,6,03/10/14
Srpskainfo.com,3.5,04/10/14
Premier-kladionica.com,3.5,05/10/14
Kurir.rs,4.51,06/10/14
N1info.com,2.21,07/10/14
Google.com.br,4.04,08/10/14
Globo.com,2.9,09/10/14
Uol.com.br,2.76,10/10/14
Mercadolivre.com.br,6.76,11/10/14
Reclameaqui.com.br,2,12/10/14
Campograndenews.com.br,1,13/10/14
Otvfoco.com.br,2.5,14/10/14
Caixa.gov.br,4,15/10/14
Olx.com.br,6.9,16/10/14
Amazon.com.br,5.06,17/10/14
Americanas.com.br,2.93,18/10/14
Fazenda.gov.br,5.3,19/10/14
Www.gov.br,2.4,20/10/14
Bb.com.br,3.7,21/10/14
Correios.com.br,2.6,22/10/14
Noticias.uol.com.br,1.6,23/10/14
Magazineluiza.com.br,3.1,24/10/14
Terra.com.br,2.1,25/10/14
Thestartmagazine.com,3.1,26/10/14
123milhas.com,2.7,27/10/14
Itau.com.br,3.4,28/10/14
Educacao.mg.gov.br,4.5,29/10/14
Folha.uol.com.br,1.4,30/10/14
Techtudo.com.br,1.3,31/10/14
Ig.com.br,2.7,01/11/14
Brainly.com.br,5.6,02/11/14
Inss.gov.br,3.4,03/11/14
Inep.gov.br,3.3,04/11/14
Ilovepdf.com,3.82,05/11/14
Primevideo.com,3.13,06/11/14
Google.bg,3.24,07/11/14
Abv.bg,2.7,08/11/14
Zamunda.net,3.89,09/11/14
Sinoptik.bg,2.3,10/11/14
Olx.bg,6,11/11/14
Nova.bg,2.4,12/11/14
Shkolo.bg,6.2,13/11/14
Vbox7.com,1.7,14/11/14
Vesti.bg,2.8,15/11/14
Winbet.bg,1.3,16/11/14
Mobile.bg,1.6,17/11/14
Bazar.bg,4.2,18/11/14
Emag.bg,3.9,19/11/14
Filmisub.com,3.2,20/11/14
Alo.bg,5.5,21/11/14
Palmsbet.com,1.6,22/11/14
Afera.bg,5.3,23/11/14
Bg-mamma.com,1.4,24/11/14
Efbet.com,3.7,25/11/14
Petel.bg,5.5,26/11/14
Zelka.org,5.2,27/11/14
Segabg.com,4.9,28/11/14
Op.gg,4.42,29/11/14
Flagman.bg,6.4,30/11/14
Nssi.bg,4.6,01/12/14
Svobodnoslovo.eu,13,02/12/14
Gotvach.bg,2.5,03/12/14
Futbol24.com,6.8,04/12/14
Dir.bg,2.3,05/12/14
Arenabg.com,2,06/12/14
Fibank.bg,3.3,07/12/14
Khmerload.com,2.9,08/12/14
Popular.com.kh,2.6,09/12/14
Kohsantepheapdaily.com.kh,1.6,10/12/14
Sabay.com.kh,4.12,11/12/14
Business-cambodia.com,3.3,12/12/14
Todaysharing.com,15,13/12/14
Google.co.id,4.96,14/12/14
Google.com.kh,5.61,15/12/14
Klikbca.com,3.74,16/12/14
Khmernote.com.kh,4.5,17/12/14
Kampucheathmey.com,4.1,18/12/14
Bri.co.id,3.45,19/12/14
Bni.co.id,6.31,20/12/14
Khmer24.com,7.9,21/12/14
Livechatinc.com,15.1,22/12/14
Freshnewsasia.com,4.6,23/12/14
Kbn.news,1.8,24/12/14
Idns889.com,15,25/12/14
Suksesbogil.com,9.5,26/12/14
Bloo.io,20,27/12/14
Livescore.com,2.93,28/12/14
Idn889.com,12,29/12/14
Ababank.com,4.2,30/12/14
Thmeyload.com,10,31/12/14
Skype.com,2.7,01/01/15
Google.cm,4.4,02/01/15
Deepl.com,9.42,03/01/15
Cm1xbet.com,1.7,04/01/15
Cameroon-info.net,2.9,05/01/15
Teledeclaration-dgi.cm,4,06/01/15
Researchgate.net,2.15,07/01/15
Actucameroun.com,5.3,08/01/15
Jobinfocamer.com,16,09/01/15
Camerounweb.com,10,10/01/15
Premierbet.cm,1.9,11/01/15
Nih.gov,3.19,12/01/15
Cnps.cm,5.3,13/01/15
Reverso.net,3.53,14/01/15
Twoo.com,9.6,15/01/15
Flashscore.fr,7.5,16/01/15
Torrent9.to,7.5,17/01/15
Commentcamarche.net,1.9,18/01/15
Clubic.com,2.6,19/01/15
1xbet.cm,9,20/01/15
Liyeplimal.net,4.6,21/01/15
Dgi.cm,6.6,22/01/15
Googlevideo.com,2.76,23/01/15
Torrent9.so,6.7,24/01/15
Mail.com,4.08,25/01/15
Myxtremnet.cm,4.4,26/01/15
Openclassrooms.com,3.4,27/01/15
Amazon.ca,8.15,28/01/15
Google.ca,8.47,29/01/15
Td.com,6.87,30/01/15
Canada.ca,3.56,31/01/15
Royalbank.com,6.65,01/02/15
Kijiji.ca,7.3,02/02/15
Rbcroyalbank.com,2.38,03/02/15
Indeed.com,4.9,04/02/15
Narcity.com,1.5,05/02/15
Scotiabank.com,6.1,06/02/15
Cra-arc.gc.ca,9.99,07/02/15
Cibc.com,6.11,08/02/15
Etsy.com,7.88,09/02/15
Cbc.ca,1.79,10/02/15
Imgur.com,2.71,11/02/15
Walmart.ca,4.34,12/02/15
Realtor.ca,23.4,13/02/15
Bmo.com,6.28,14/02/15
Bestbuy.ca,4.97,15/02/15
Ebay.ca,5.87,16/02/15
Questrade.com,8.34,17/02/15
Canadapost.ca,3,18/02/15
Biobiochile.cl,2.6,19/02/15
Google.cl,7.23,20/02/15
Lun.com,2.4,21/02/15
Bancoestado.cl,6.26,22/02/15
Mercadolibre.cl,10.4,23/02/15
Sii.cl,9.95,24/02/15
Transbank.cl,5.76,25/02/15
Bancochile.cl,5.84,26/02/15
Falabella.com,5.16,27/02/15
Santander.cl,2.72,28/02/15
Claveunica.gob.cl,1.63,01/03/15
Emol.com,3.02,02/03/15
Comisariavirtual.cl,2.8,03/03/15
Yapo.cl,7.13,04/03/15
Bci.cl,4.9,05/03/15
Interior.gob.cl,4.6,06/03/15
Ripley.cl,4.88,07/03/15
Sodimac.cl,4.5,08/03/15
Paris.cl,4.77,09/03/15
Latercera.com,1.77,10/03/15
Bancofalabella.cl,3.3,11/03/15
Linio.cl,12,12/03/15
Portalinmobiliario.com,11,13/03/15
Servipag.com,5.5,14/03/15
Itau.cl,7.4,15/03/15
Bsale.cl,8.9,16/03/15
Disneyplus.com,4.23,17/03/15
Scotiabank.cl,5.6,18/03/15
Tmall.com,3.93,19/03/15
Baidu.com,4.76,20/03/15
Qq.com,3.97,21/03/15
Sohu.com,4.57,22/03/15
Taobao.com,3.57,23/03/15
360.cn,4.18,24/03/15
Jd.com,4.39,25/03/15
Weibo.com,3.59,26/03/15
Sina.com.cn,3.39,27/03/15
Xinhuanet.com,5.6,28/03/15
Panda.tv,5.28,29/03/15
Zhanqi.tv,5.35,30/03/15
Alipay.com,3.19,31/03/15
Csdn.net,4.93,01/04/15
Google.com.hk,5.26,02/04/15
Huanqiu.com,5.22,03/04/15
Yy.com,5.17,04/04/15
Tianya.cn,5.07,05/04/15
17ok.com,3.95,06/04/15
So.com,3.37,07/04/15
Haosou.com,14.3,08/04/15
Cnblogs.com,3.68,09/04/15
Babytree.com,5.03,10/04/15
1688.com,9.12,11/04/15
163.com,5.36,12/04/15
Hao123.com,2.24,13/04/15
Gome.com.cn,3.91,14/04/15
Sogou.com,1.88,15/04/15
6.cn,3.61,16/04/15
Zhihu.com,4.46,17/04/15
Bilibili.com,8.2,18/04/15
Rednet.cn,3.89,19/04/15
Google.cn,5.29,20/04/15
Cnzz.com,6.84,21/04/15
Aliyun.com,10.5,22/04/15
Soso.com,3.6,23/04/15
51sole.com,5.12,24/04/15
51.la,3.81,25/04/15
Iqiyi.com,4.56,26/04/15
Tudou.com,6.79,27/04/15
360.com,4.02,28/04/15
Cnnic.cn,3.88,29/04/15
Zol.com.cn,3.38,30/04/15
Sonhoo.com,3.92,01/05/15
51yes.com,6.73,02/05/15
Efu.com.cn,5.07,03/05/15
Sq.cn,4.08,04/05/15
Wplay.co,3.07,05/05/15
Google.com.co,4.44,06/05/15
Pulzo.com,2.1,07/05/15
Mercadolibre.com.co,10.2,08/05/15
Mileroticos.com,14,09/05/15
Las2orillas.co,2.5,10/05/15
Eltiempo.com,1.88,11/05/15
Todo1.com,11.7,12/05/15
Davivienda.com,8.35,13/05/15
Pse.com.co,1.18,14/05/15
Grupobancolombia.com,1.68,15/05/15
Minuto30.com,15,16/05/15
Eshkol.io,1,17/05/15
Payulatam.com,4.1,18/05/15
Dian.gov.co,6.29,19/05/15
Claro.com.co,3.09,20/05/15
Computrabajo.com.co,8.17,21/05/15
Transaccionesbancolombia.com,7.8,22/05/15
Homecenter.com.co,5.06,23/05/15
Semana.com,1.52,24/05/15
Elespectador.com,1.63,25/05/15
Crhoy.com,2.9,26/05/15
Repretel.com,5.9,27/05/15
Ncrnoticias.com,1.6,28/05/15
Encuentra24.com,9.14,29/05/15
Sucursalelectronica.com,6.05,30/05/15
Bnonline.fi.cr,8.6,31/05/15
Bncr.fi.cr,2.3,01/06/15
Elmundo.cr,1.6,02/06/15
Google.co.cr,5.6,03/06/15
Teletica.com,12,04/06/15
Nacion.com,1.9,05/06/15
Bancobcr.com,2.2,06/06/15
Hacienda.go.cr,5.7,07/06/15
Baccredomatic.com,1.5,08/06/15
Scotiabank.fi.cr,4.8,09/06/15
Delfino.cr,1.2,10/06/15
Observador.cr,1.7,11/06/15
Larepublica.net,2,12/06/15
Diarioextra.com,2.1,13/06/15
Noticiascostarica.com,6.8,14/06/15
Ccss.sa.cr,5.3,15/06/15
Facturaelectronica.cr,7.6,16/06/15
Rnpdigital.com,5.6,17/06/15
Jumia.ci,6.7,18/06/15
Abidjan.net,1.6,19/06/15
Google.ci,4.2,20/06/15
Fonctionpublique.gouv.ci,3.9,21/06/15
Educarriere.ci,5.1,22/06/15
Koaci.com,2.9,23/06/15
Petronpay.com,4,24/06/15
Sigfne.net,4.3,25/06/15
Ecolemedia.net,8.9,26/06/15
Drheducationci.org,8.8,27/06/15
Orange.ci,2.6,28/06/15
Canalplus-afrique.com,1.9,29/06/15
Boxsecured.com,7.9,30/06/15
Matchendirect.fr,4.7,01/07/15
Men-deco.org,3.9,02/07/15
Men-dpes.org,1.3,03/07/15
E-impots.gouv.ci,11,04/07/15
Cnps.ci,6.3,05/07/15
Linternaute.fr,1.3,06/07/15
Fratmat.info,1.8,07/07/15
01net.com,2.6,08/07/15
Ivoirematin.com,1.3,09/07/15
Linfodrome.com,2,10/07/15
Crowd1.com,5.2,11/07/15
Google.hr,3.51,12/07/15
Net.hr,2.8,13/07/15
Pevex.hr,4.9,14/07/15
24sata.hr,1.7,15/07/15
Skole.hr,10,16/07/15
Narod.hr,3,17/07/15
Njuskalo.hr,6.3,18/07/15
Tportal.hr,3.1,19/07/15
Aaiedu.hr,1.4,20/07/15
Vecernji.hr,2.3,21/07/15
Gov.hr,4.6,22/07/15
Rarbgmirror.org,7,23/07/15
Unizg.hr,3.9,24/07/15
Slobodnadalmacija.hr,3.4,25/07/15
Carnet.hr,5.2,26/07/15
Foi.hr,10,27/07/15
Zaba.hr,2.5,28/07/15
Hrvatskitelekom.hr,2.3,29/07/15
Lutrija.hr,5.6,30/07/15
Geek.hr,7,31/07/15
Maxportal.hr,4.4,01/08/15
Gogoanimes.tv,5.2,02/08/15
Mojtv.hr,1.9,03/08/15
Torn.com,11,04/08/15
Psk.hr,1.4,05/08/15
1337x.to,7.16,06/08/15
Seznam.cz,1.62,07/08/15
Novinky.cz,2.22,08/08/15
Google.cz,2.24,09/08/15
Idnes.cz,3.28,10/08/15
Seznamzpravy.cz,1.8,11/08/15
Csfd.cz,3.9,12/08/15
Super.cz,2.5,13/08/15
Alza.cz,4.5,14/08/15
Aktualne.cz,2.3,15/08/15
Ceskatelevize.cz,2.7,16/08/15
Heureka.cz,3,17/08/15
Bazos.cz,7,18/08/15
Iprima.cz,2.2,19/08/15
Sport.cz,2.1,20/08/15
Czc.cz,4.5,21/08/15
Uloz.to,2.9,22/08/15
Szn.cz,1.2,23/08/15
Mapy.cz,1.1,24/08/15
Csas.cz,3.8,25/08/15
Email.cz,2,26/08/15
Televizeseznam.cz,1.2,27/08/15
Centrum.cz,1.6,28/08/15
Zive.cz,2.1,29/08/15
Titulky.com,2.7,30/08/15
Tiscali.cz,3.4,31/08/15
Csob.cz,3.5,01/09/15
In-pocasi.cz,1.7,02/09/15
Sbazar.cz,1.8,03/09/15
Cuni.cz,3.7,04/09/15
Google.dk,1.94,05/09/15
Dr.dk,2.3,06/09/15
Trustpilot.com,3.75,07/09/15
Ekstrabladet.dk,4.5,08/09/15
Tv2.dk,2.6,09/09/15
Bt.dk,4.5,10/09/15
Ku.dk,6,11/09/15
E-boks.dk,3,12/09/15
Gamepedia.com,4.05,13/09/15
Nemlog-in.dk,1.3,14/09/15
Dba.dk,4.8,15/09/15
Wowhead.com,4.68,16/09/15
Jobnet.dk,4.2,17/09/15
Unilogin.dk,4.1,18/09/15
Wayf.dk,1.5,19/09/15
Au.dk,3.4,20/09/15
Nordnet.dk,5.5,21/09/15
Lectio.dk,3.8,22/09/15
Viaplay.dk,1.5,23/09/15
E-boks.com,1.2,24/09/15
Hltv.org,3.82,25/09/15
Itslearning.com,3.65,26/09/15
Pricerunner.dk,1.5,27/09/15
T.co,1.85,28/09/15
Politiken.dk,3.1,29/09/15
Icy-veins.com,2.87,30/09/15
Elgiganten.dk,3.4,01/10/15
Just-eat.dk,5.5,02/10/15
Listindiario.com,3.89,03/10/15
Diariolibre.com,3.26,04/10/15
Google.com.do,6.73,05/10/15
Hoy.com.do,2.7,06/10/15
Bpd.com.do,1.81,07/10/15
Elcaribe.com.do,2.7,08/10/15
Popularenlinea.com,1.52,09/10/15
Dgii.gov.do,4.7,10/10/15
Banreservas.com.do,2.3,11/10/15
Bhdleon.com.do,6.4,12/10/15
Remolacha.net,3.3,13/10/15
Nicsorts-accarade.com,1.57,14/10/15
Corotos.com.do,8.3,15/10/15
Elnuevodiario.com.do,2.6,16/10/15
Animeflv.net,5.38,17/10/15
Mp3teca.com,5.6,18/10/15
Noticiassin.com,1.8,19/10/15
Iplus.com.do,2.8,20/10/15
Banreservas.com,1.3,21/10/15
Supercarros.com,10,22/10/15
Ouo.io,4.66,23/10/15
Eldia.com.do,3.7,24/10/15
Cinecalidad.is,4.98,25/10/15
Elcomercio.com,1.66,26/10/15
Eluniverso.com,2.28,27/10/15
Google.com.ec,6.71,28/10/15
Ecuavisa.com,1.6,29/10/15
Metroecuador.com.ec,1.7,30/10/15
Teleamazonas.com,6.4,31/10/15
Tctelevision.com,1.3,01/11/15
Pichincha.com,5.67,02/11/15
Sri.gob.ec,6.2,03/11/15
Mercadolibre.com.ec,6.01,04/11/15
Benditofutbol.com,1.4,05/11/15
Futbolecuador.com,3.1,06/11/15
Ecuagol.com,3.8,07/11/15
Brainly.lat,2.91,08/11/15
Vistazo.com,1.8,09/11/15
Produbanco.com,8.6,10/11/15
Iess.gob.ec,6.1,11/11/15
Primicias.ec,5.7,12/11/15
Ug.edu.ec,7.1,13/11/15
Intermatico.com,5.3,14/11/15
Registrocivil.gob.ec,3,15/11/15
Udla.edu.ec,4.7,16/11/15
Educacion.gob.ec,2.8,17/11/15
Freepik.es,6.29,18/11/15
Google.com.eg,6.82,19/11/15
Albawabhnews.com,3.9,20/11/15
Alnaharegypt.com,1.4,21/11/15
Elbalad.news,3.73,22/11/15
Elwatannews.com,2.52,23/11/15
Elmogaz.com,3.4,24/11/15
Cairo24.com,3.82,25/11/15
Tahiamasr.com,1.6,26/11/15
Souq.com,6.1,27/11/15
Elfagr.com,2.9,28/11/15
Dostor.org,3.27,29/11/15
Elmostaqbal.com,9.8,30/11/15
Khtahmar.com,2.4,01/12/15
Akhbarelyom.com,2.11,02/12/15
Alsbbora.info,6.4,03/12/15
Te.eg,3.41,04/12/15
Yallakora.com,3.5,05/12/15
Olx.com.eg,10.2,06/12/15
Xnxx.com,9.51,07/12/15
Soundcloud.com,3.48,08/12/15
Masrawy.com,3.34,09/12/15
Elnabaa.net,1.7,10/12/15
Filgoal.com,3.3,11/12/15
Gomhuriaonline.com,3.3,12/12/15
Copts-united.com,1.4,13/12/15
Almalnews.com,2.13,14/12/15
Elsalvador.com,2.5,15/12/15
Laprensagrafica.com,5.5,16/12/15
Google.com.sv,5.4,17/12/15
Elblog.com,2.8,18/12/15
Diario1.com,1.9,19/12/15
Solonoticias.com,3.9,20/12/15
Pcbac.com,5.1,21/12/15
Mh.gob.sv,8.5,22/12/15
Elmundo.sv,2.5,23/12/15
Lapagina.com.sv,4.8,24/12/15
Marca.com,3.09,25/12/15
Pelisplushd.net,4.65,26/12/15
Elgrafico.com,1.6,27/12/15
Ues.edu.sv,4.9,28/12/15
Elsalvadortimes.com,6.9,29/12/15
Bancoagricola.com,1.3,30/12/15
Searchsecurer.com,1.56,31/12/15
Diarioelsalvador.com,2.6,01/01/16
Siman.com,5.5,02/01/16
Davivienda.com.sv,3.2,03/01/16
Bancocuscatlan.com,4.7,04/01/16
Mined.gob.sv,4.2,05/01/16
Delfi.ee,3,06/01/16
Postimees.ee,3.2,07/01/16
Swedbank.ee,3.6,08/01/16
Google.ee,2.5,09/01/16
Err.ee,2.8,10/01/16
Auto24.ee,8.8,11/01/16
Harjuelu.ee,0,12/01/16
Seb.ee,3.8,13/01/16
Ekool.eu,3.9,14/01/16
Neti.ee,1.9,15/01/16
Lhv.ee,4.9,16/01/16
Ohtuleht.ee,1.9,17/01/16
Lenta.ru,2.6,18/01/16
Ut.ee,5.6,19/01/16
Online.ee,2.4,20/01/16
Ope.ee,4.5,21/01/16
Fishki.net,4.7,22/01/16
Telia.ee,2,23/01/16
Eki.ee,5.8,24/01/16
Zone.ee,4.7,25/01/16
Kv.ee,5.8,26/01/16
Elu24.ee,1.9,27/01/16
Opiq.ee,6.2,28/01/16
Moodle.edu.ee,5.4,29/01/16
Fotostrana.ru,4.35,30/01/16
Seti.ee,2.5,31/01/16
Olybet.ee,1.6,01/02/16
Ethiojobs.net,8.4,02/02/16
Google.com.et,4.1,03/02/16
Sciencedirect.com,2.15,04/02/16
Springer.com,1.72,05/02/16
Softonic.com,2.72,06/02/16
Aau.edu.et,3.6,07/02/16
Elsevier.com,2.34,08/02/16
Academia.edu,1.86,09/02/16
Biomedcentral.com,1.51,10/02/16
Wiley.com,2.36,11/02/16
Jstor.org,1.9,12/02/16
Ethiopianreporterjobs.com,7.8,13/02/16
Down-free.com,1,14/02/16
Hindawi.com,1.77,15/02/16
Ju.edu.et,6.1,16/02/16
Ethiopianairlines.com,7.8,17/02/16
Filehorse.com,2.36,18/02/16
Core.ac.uk,1.16,19/02/16
Fao.org,1.85,20/02/16
Coursera.org,7.13,21/02/16
Geezjobs.com,30,22/02/16
Who.int,1.77,23/02/16
Sagepub.com,1.85,24/02/16
Qefira.com,6.3,25/02/16
Internet-start.net,1.8,26/02/16
Google.fi,3.2,27/02/16
Yle.fi,2.8,28/02/16
Iltalehti.fi,1.3,29/02/16
Op.fi,3.3,01/03/16
Telewebion.com,3.57,02/03/16
Tori.fi,5.5,03/03/16
Suomi.fi,1.8,04/03/16
Helsinki.fi,5.9,05/03/16
Is.fi,1.3,06/03/16
Inschool.fi,6.6,07/03/16
Hs.fi,1.3,08/03/16
Namasha.com,3.14,09/03/16
Oikotie.fi,7.4,10/03/16
Donya-e-eqtesad.com,2.25,11/03/16
Filimo.com,6.46,12/03/16
Elisa.fi,3,13/03/16
Borna.news,1.42,14/03/16
Ninisite.com,4.15,15/03/16
Mtvuutiset.fi,3.9,16/03/16
Ilmatieteenlaitos.fi,1,17/03/16
S-pankki.fi,2.7,18/03/16
Etuovi.com,5,19/03/16
Veikkaus.fi,3.2,20/03/16
Eghtesadnews.com,2.17,21/03/16
Mehrnews.com,3.17,22/03/16
Kela.fi,5.7,23/03/16
Kworb.net,7.8,24/03/16
Sanakirja.org,1.7,25/03/16
Tejaratnews.com,2.02,26/03/16
Orange.fr,4.59,27/03/16
Leboncoin.fr,2.96,28/03/16
Ebay.fr,8.74,29/03/16
Free.fr,2.55,30/03/16
Caf.fr,5.8,31/03/16
Pole-emploi.fr,6.9,01/04/16
Labanquepostale.fr,5.5,02/04/16
Sfr.fr,2.7,03/04/16
Cdiscount.com,4.51,04/04/16
Credit-agricole.fr,4.4,05/04/16
Doctolib.fr,5.8,06/04/16
Ameli.fr,2.4,07/04/16
Index-education.net,1.9,08/04/16
Impots.gouv.fr,3.6,09/04/16
Lefigaro.fr,2.26,10/04/16
Lemonde.fr,1.8,11/04/16
Mabanque.bnpparibas,5.2,12/04/16
Ouest-france.fr,2.1,13/04/16
Vidal.fr,1.8,14/04/16
Caisse-epargne.fr,3.9,15/04/16
Ecosia.org,1.39,16/04/16
Adjaranet.com,1.9,17/04/16
1tv.ge,3.7,18/04/16
Google.ge,5.24,19/04/16
Myauto.ge,12.6,20/04/16
Imovies.cc,3.4,21/04/16
Mymarket.ge,9.1,22/04/16
Tbconline.ge,3.6,23/04/16
Adjarabet.com,3,24/04/16
Europebet.com,6.6,25/04/16
Myvideo.ge,1.8,26/04/16
Flashscore.com,11.4,27/04/16
Crystalbet.com,5.2,28/04/16
Ambebi.ge,1.6,29/04/16
Amindi.ge,2.1,30/04/16
Rs.ge,5.1,01/05/16
Crocobet.com,5.5,02/05/16
Movie.ge,2.3,03/05/16
Interpressnews.ge,1.9,04/05/16
Y8.com,5.12,05/05/16
Betlive.com,8,06/05/16
Ss.ge,17,07/05/16
Mes.gov.ge,1.4,08/05/16
Myhome.ge,10,09/05/16
Palitravideo.ge,2.5,10/05/16
Iliauni.edu.ge,7.9,11/05/16
Lider-bet.com,5.5,12/05/16
Tsu.ge,3.9,13/05/16
Intermedia.ge,1.8,14/05/16
Livo.ge,25,15/05/16
Ebay.de,7.21,16/05/16
Web.de,4.34,17/05/16
Ebay-kleinanzeigen.de,7.8,18/05/16
T-online.de,2.53,19/05/16
Spiegel.de,2.23,20/05/16
Bild.de,2.42,21/05/16
Tagesschau.de,2.03,22/05/16
Zdf.de,2.8,23/05/16
Dhl.de,1.69,24/05/16
N-tv.de,3.2,25/05/16
Otto.de,5,26/05/16
Focus.de,2,27/05/16
Ghanaweb.com,4.24,28/05/16
Myjoyonline.com,2.1,29/05/16
Yen.com.gh,2.2,30/05/16
Ug.edu.gh,4.9,31/05/16
Betway.com.gh,5.08,01/06/16
Peacefmonline.com,2.4,02/06/16
Adomonline.com,2.4,03/06/16
Google.com.gh,7.2,04/06/16
Jiji.com.gh,5.7,05/06/16
Citinewsroom.com,3.1,06/06/16
Sportybet.com,6.38,07/06/16
Jumia.com.gh,5.6,08/06/16
Ghgossip.com,3.5,09/06/16
Premierbet.com.gh,1.5,10/06/16
Thedistin.com,4.6,11/06/16
Browngh.com,6.4,12/06/16
Ghbase.com,4.2,13/06/16
Chymall.net,6.99,14/06/16
Pulse.com.gh,2.5,15/06/16
Tonaton.com,5.3,16/06/16
Halmblog.com,6.8,17/06/16
Lightdl.xyz,2.5,18/06/16
Modernghana.com,1.7,19/06/16
Gossips24.com,3.8,20/06/16
Knust.edu.gh,3.3,21/06/16
Graphic.com.gh,3.5,22/06/16
Premierleague.com,4.08,23/06/16
Google.gr,9.02,24/06/16
In.gr,3.25,25/06/16
Skroutz.gr,10.6,26/06/16
Lifo.gr,2.81,27/06/16
Zougla.gr,3.54,28/06/16
Protothema.gr,3.9,29/06/16
Iefimerida.gr,3.55,30/06/16
Dikaiologitika.gr,2.83,01/07/16
Winbank.gr,4.89,02/07/16
Gsis.gr,3.55,03/07/16
Alfavita.gr,1.91,04/07/16
Newsit.gr,3.79,05/07/16
Nbg.gr,4.87,06/07/16
Makeleio.gr,4.39,07/07/16
Aftodioikisi.gr,2.93,08/07/16
Pronews.gr,3.87,09/07/16
Aade.gr,6.83,10/07/16
Eurobank.gr,6.43,11/07/16
Alpha.gr,7.25,12/07/16
Gazzetta.gr,3.35,13/07/16
Tanea.gr,1.59,14/07/16
Sch.gr,7.6,15/07/16
Kathimerini.gr,2.49,16/07/16
Typosthes.gr,1.4,17/07/16
Ethnos.gr,2.5,18/07/16
News247.gr,2.39,19/07/16
Thepresident.gr,1.8,20/07/16
Car.gr,12.4,21/07/16
Capital.gr,3.16,22/07/16
Stoiximan.gr,7.19,23/07/16
Tovima.gr,1.91,24/07/16
Newsbomb.gr,2.71,25/07/16
Taxheaven.gr,3.28,26/07/16
Epirusonline.gr,1.9,27/07/16
Naftemporiki.gr,2.96,28/07/16
Newsauto.gr,3.59,29/07/16
Meteo.gr,1.71,30/07/16
Newsbreak.gr,4.17,31/07/16
Sport24.gr,2.48,01/08/16
Newsbeast.gr,3.44,02/08/16
Prensalibre.com,3.5,03/08/16
Soy502.com,5.1,04/08/16
Guatemala.com,2,05/08/16
Chapintv.com,11,06/08/16
Sat.gob.gt,4.4,07/08/16
Google.com.gt,4.95,08/08/16
Publinews.gt,6.7,09/08/16
Transdoc.com,8.2,10/08/16
Bi.com.gt,9.8,11/08/16
Usac.edu.gt,4.9,12/08/16
Emisorasunidas.com,6.2,13/08/16
Guatevision.com,4.7,14/08/16
Gytcontinental.com.gt,3.2,15/08/16
Banrural.com.gt,3.7,16/08/16
Tn23.tv,4.8,17/08/16
Gtc.com.gt,1.3,18/08/16
Cemaco.com,13,19/08/16
Imeqmo.com,48,20/08/16
Guatemaladigital.com,13,21/08/16
Corporacionbi.com,2.3,22/08/16
Aastocks.com,5.5,23/08/16
Discuss.com.hk,3.1,24/08/16
Pixnet.net,2.12,25/08/16
Lihkg.com,13.4,26/08/16
Etnet.com.hk,5.1,27/08/16
Presslogic.com,1.8,28/08/16
Price.com.hk,2.87,29/08/16
Hk01.com,5.69,30/08/16
Hsbc.com.hk,7.41,31/08/16
Bastillepost.com,5.3,01/09/16
Dcfever.com,4,02/09/16
Ettoday.net,2.18,03/09/16
Hangseng.com,6.5,04/09/16
Hket.com,3.65,05/09/16
Hktvmall.com,5.35,06/09/16
Hkgolden.com,2.5,07/09/16
Appledaily.com,2.52,08/09/16
Bochk.com,8.2,09/09/16
Hkjc.com,9.61,10/09/16
Carousell.com.hk,5.85,11/09/16
Ulifestyle.com.hk,4,12/09/16
Mewe.com,5.34,13/09/16
Unwire.hk,3.9,14/09/16
Google.hu,2.93,15/09/16
Gov.hu,4.3,16/09/16
Ncore.cc,2.7,17/09/16
Idokep.hu,2.4,18/09/16
Index.hu,2.8,19/09/16
Origo.hu,2,20/09/16
Freemail.hu,2.9,21/09/16
E-kreta.hu,3,22/09/16
Motorsport.com,2.4,23/09/16
Otpbankdirekt.hu,6.4,24/09/16
Otpbank.hu,2.5,25/09/16
Jofogas.hu,4.3,26/09/16
Hasznaltauto.hu,8.7,27/09/16
Ingatlan.com,7.7,28/09/16
Arukereso.hu,2.3,29/09/16
Eredmenyek.com,9.5,30/09/16
Nemzetisport.hu,2.9,01/10/16
24.hu,1.9,02/10/16
Startlap.hu,1.4,03/10/16
Telex.hu,2.2,04/10/16
Life.hu,2,05/10/16
Videa.hu,2.2,06/10/16
444.hu,2.4,07/10/16
Online-filmek.me,3.7,08/10/16
Blikk.hu,1.9,09/10/16
Emag.hu,3,10/10/16
Telekom.hu,3.7,11/10/16
Indavideo.hu,3.6,12/10/16
Portfolio.hu,2,13/10/16
Familysearch.org,11.1,14/10/16
Sorozatbarat.club,4.3,15/10/16
Hvg.hu,2,16/10/16
Hirkereso.hu,1.4,17/10/16
Filmvilag.me,3.2,18/10/16
Mozimax.top,2.4,19/10/16
Szerencsejatek.hu,3.1,20/10/16
Femina.hu,1.5,21/10/16
Blog.hu,1.8,22/10/16
Szamlazz.hu,2.1,23/10/16
Amazon.in,10.44,24/10/16
Google.co.in,7.16,25/10/16
Flipkart.com,8.61,26/10/16
Indiatimes.com,2.73,27/10/16
Hdfcbank.com,3.91,28/10/16
Onlinesbi.com,6.75,29/10/16
Zerodha.com,10.3,30/10/16
Icicibank.com,5.14,31/10/16
Hotstar.com,4.09,01/11/16
Moneycontrol.com,4.27,02/11/16
Naukri.com,6.92,03/11/16
Canva.com,4.5,04/11/16
Grammarly.com,2.3,05/11/16
Godaddy.com,6.63,06/11/16
Zoho.com,13.6,07/11/16
Indiamart.com,3.52,08/11/16
Irctc.co.in,4.47,09/11/16
Smallpdf.com,2.09,10/11/16
Incometaxindiaefiling.gov.in,10.6,11/11/16
Ndtv.com,2.06,12/11/16
Okezone.com,4.26,13/11/16
Tribunnews.com,1.86,14/11/16
Kompas.com,2.02,15/11/16
Detik.com,4.26,16/11/16
Pikiran-rakyat.com,2.57,17/11/16
Liputan6.com,2.21,18/11/16
Tokopedia.com,7.33,19/11/16
Grid.id,1.6,20/11/16
Kumparan.com,2.24,21/11/16
Jpnn.com,3,22/11/16
Sindonews.com,2.42,23/11/16
Suara.com,2.31,24/11/16
Bukalapak.com,3.6,25/11/16
Merdeka.com,1.57,26/11/16
Idntimes.com,5.45,27/11/16
Viva.co.id,2.49,28/11/16
Brilio.net,1.41,29/11/16
Kapanlagi.com,3.13,30/11/16
Alodokter.com,1.64,01/12/16
Rctiplus.com,3.09,02/12/16
Shopee.co.id,7.19,03/12/16
Cnnindonesia.com,2.28,04/12/16
Kontan.co.id,2.48,05/12/16
Cnbcindonesia.com,2.18,06/12/16
Vidio.com,3.53,07/12/16
Bola.com,1.77,08/12/16
Inews.id,3.23,09/12/16
Motorplus-online.com,1.4,10/12/16
Bolasport.com,2.1,11/12/16
Insertlive.com,2,12/12/16
Republika.co.id,2,13/12/16
Kompas.tv,1.3,14/12/16
Tempo.co,3.12,15/12/16
Uzone.id,1.88,16/12/16
Haibunda.com,2.77,17/12/16
Hops.id,1.6,18/12/16
Sehatq.com,2.9,19/12/16
Kemdikbud.go.id,4.83,20/12/16
Bola.net,3.38,21/12/16
Bisnis.com,2.67,22/12/16
Kaskus.co.id,4.11,23/12/16
Kompasiana.com,1.46,24/12/16
Wartaekonomi.co.id,1.8,25/12/16
Digikala.com,11,26/12/16
Shaparak.ir,1.93,27/12/16
Divar.ir,10.7,28/12/16
Tsetmc.com,6.4,29/12/16
Torob.com,4.46,30/12/16
Emofid.com,4.29,31/12/16
Rahavard365.com,8.6,01/01/17
Emalls.ir,4.78,02/01/17
Agah.com,6.49,03/01/17
Zhaket.com,6.04,04/01/17
Jamnews.com,2.1,05/01/17
Soft98.ir,2.22,06/01/17
Yektanet.com,4.24,07/01/17
Mofidonline.com,4.27,08/01/17
Bankmellat.ir,4.35,09/01/17
Rtl-theme.com,6.6,10/01/17
Tgju.org,1.42,11/01/17
Eghtesadonline.com,1.86,12/01/17
Zarinpal.com,3.83,13/01/17
Tci.ir,3.04,14/01/17
Nobitex.ir,6.23,15/01/17
Enamad.ir,1.65,16/01/17
Bmi.ir,3.46,17/01/17
Time.ir,1.02,18/01/17
Blogfa.com,2.19,19/01/17
Arzdigital.com,3.57,20/01/17
Tamin.ir,5.81,21/01/17
Zoomit.ir,3.3,22/01/17
Namava.ir,4.16,23/01/17
Asriran.com,2.75,24/01/17
Google.iq,5.37,25/01/17
Shabakaty.com,3.98,26/01/17
Rudaw.net,3.4,27/01/17
Nrttv.com,1.8,28/01/17
Basnews.com,3.3,29/01/17
Alforatnews.com,8.6,30/01/17
Shafaq.com,6.6,31/01/17
Nasnews.com,3.5,01/02/17
Alsumaria.tv,3,02/02/17
Opensooq.com,7.17,03/02/17
Baghdadtoday.news,3.1,04/02/17
Xendan.org,2.3,05/02/17
Mlazemna.com,7.7,06/02/17
Earthlink.iq,4.9,07/02/17
Kurdistan24.net,3.1,08/02/17
Xelk.org,8.6,09/02/17
Kurdcinama.com,4.9,10/02/17
Google.ie,2.5,11/02/17
Rte.ie,2.6,12/02/17
Amazon.co.uk,5.26,13/02/17
Donedeal.ie,4.7,14/02/17
Ladbible.com,1.3,15/02/17
Seesaw.me,4.06,16/02/17
Daft.ie,4.7,17/02/17
Irishtimes.com,1.5,18/02/17
Thejournal.ie,1.6,19/02/17
Ros.ie,5,20/02/17
Revenue.ie,2,21/02/17
365online.com,3.1,22/02/17
Rip.ie,2.9,23/02/17
Sportbible.com,1.3,24/02/17
Folensonline.ie,7.7,25/02/17
Aib.ie,5.3,26/02/17
Adverts.ie,5.3,27/02/17
Boards.ie,2.2,28/02/17
Cjfallon.ie,15,01/03/17
4channel.org,5.74,02/03/17
Nookazon.com,7.5,03/03/17
Mygovid.ie,2.7,04/03/17
Aladdin.ie,3.6,05/03/17
Www.gov.uk,2.5,06/03/17
Open24.ie,6.3,07/03/17
Ynet.co.il,3.09,08/03/17
Google.co.il,7.38,09/03/17
Mako.co.il,2.8,10/03/17
Walla.co.il,2.72,11/03/17
Bankhapoalim.co.il,5.07,12/03/17
Panet.co.il,3.1,13/03/17
Bankleumi.co.il,8.08,14/03/17
Www.gov.il,2.54,15/03/17
Yad2.co.il,2.65,16/03/17
Edu.gov.il,1.43,17/03/17
Taboola.com,4.44,18/03/17
Cet.ac.il,7.48,19/03/17
Calcalist.co.il,2.02,20/03/17
Globes.co.il,1.63,21/03/17
Zap.co.il,2.36,22/03/17
Alarab.com,3.2,23/03/17
Haaretz.co.il,3.07,24/03/17
Maccabi4u.co.il,7.14,25/03/17
Clalit.co.il,4.12,26/03/17
Maariv.co.il,2.16,27/03/17
Themarker.com,2.2,28/03/17
Btl.gov.il,5.68,29/03/17
Mizrahi-tefahot.co.il,6.9,30/03/17
Sport5.co.il,1.9,31/03/17
Morfix.co.il,4.53,01/04/17
Arab48.com,7.8,02/04/17
Google.it,3.2,03/04/17
Amazon.it,5.66,04/04/17
Proiezionidiborsa.it,1.5,05/04/17
Libero.it,3.31,06/04/17
Ebay.it,6.8,07/04/17
Repubblica.it,2.34,08/04/17
Dagospia.com,3.8,09/04/17
Gds.it,1,10/04/17
Poste.it,4.9,11/04/17
Gazzettadelsud.it,1,12/04/17
Laleggepertutti.it,1.2,13/04/17
Inps.it,7.6,14/04/17
Subito.it,6,15/04/17
Virgilio.it,3.2,16/04/17
Tim.it,3.2,17/04/17
Spaggiari.eu,3.9,18/04/17
Corriere.it,1.6,19/04/17
Agenziaentrate.gov.it,8.4,20/04/17
Aruba.it,2.5,21/04/17
Ilmeteo.it,1.8,22/04/17
Mymovies.it,1.6,23/04/17
Pec.it,2.6,24/04/17
Mediaset.it,1.8,25/04/17
Tiscali.it,3.4,26/04/17
Raiplay.it,2,27/04/17
Escort-advisor.com,2.6,28/04/17
Ansa.it,1.8,29/04/17
Unicredit.it,3.4,30/04/17
Sworld.co.uk,1.5,01/05/17
Axioscloud.it,3.3,02/05/17
Cineca.it,3.4,03/05/17
Portaleargo.it,3,04/05/17
Ncbelink.com,6,05/05/17
Google.com.jm,4.1,06/05/17
Jncb.com,2.6,07/05/17
Jamaica-gleaner.com,2.5,08/05/17
Aeropost.com,4.3,09/05/17
Utech.edu.jm,6.7,10/05/17
Sagicorjamaica.com,3.4,11/05/17
Jamaicaobserver.com,2.2,12/05/17
Shipme.me,15,13/05/17
Instructure.com,10.6,14/05/17
Jmmb.com,4,15/05/17
Caribbeanjobs.com,4.9,16/05/17
Desmondcampbell.com,9.4,17/05/17
Hostgator.com,5.79,18/05/17
Goojara.to,5.4,19/05/17
Bbcollab.com,2.41,20/05/17
Nht.gov.jm,4.7,21/05/17
Rakuten.co.jp,9.68,22/05/17
Google.com.sg,7.98,23/05/17
Lazada.sg,14.2,24/05/17
Fc2.com,3.3,25/05/17
Ameblo.jp,3.58,26/05/17
Kakaku.com,4.12,27/05/17
Dmm.co.jp,8.53,28/05/17
Mercari.com,9.9,29/05/17
Qoo10.sg,6.78,30/05/17
Asos.com,10.8,31/05/17
Dbs.com.sg,5.44,01/06/17
Nikkei.com,2.28,02/06/17
Livedoor.jp,3.11,03/06/17
Line.me,2.42,04/06/17
Nhk.or.jp,2.49,05/06/17
Kuronekoyamato.co.jp,5.62,06/06/17
Japanpost.jp,3.53,07/06/17
Impress.co.jp,2.12,08/06/17
Clickpost.jp,12.6,09/06/17
Alwakeelnews.com,6.2,10/06/17
Royanews.tv,3.4,11/06/17
Khaberni.com,6.1,12/06/17
Factjo.com,2,13/06/17
Sarayanews.com,3.8,14/06/17
Ammonnews.net,3.3,15/06/17
Assawsana.com,1.6,16/06/17
Sarahanews.net,1.5,17/06/17
Google.jo,6.56,18/06/17
Jfranews.com.jo,2.5,19/06/17
Garaanews.com,1.6,20/06/17
Gerasanews.com,3.5,21/06/17
Alquds.co.uk,2.2,22/06/17
Raialyoum.com,2.7,23/06/17
Darsak.gov.jo,8,24/06/17
Rumonline.net,13,25/06/17
Sawaleif.com,2,26/06/17
Jo24.net,1.7,27/06/17
Roya.tv,3.2,28/06/17
Jordanzad.com,1.7,29/06/17
Awa2el.net,3.9,30/06/17
Ssc.gov.jo,4.9,01/07/17
Bayt.com,3.34,02/07/17
Hawaaworld.com,3.6,03/07/17
Moe.gov.jo,5.2,04/07/17
Waraqa.com,17,05/07/17
Kundelik.kz,12.4,06/07/17
Nur.kz,2.14,07/07/17
Google.kz,4.6,08/07/17
Onlinemektep.org,2.68,09/07/17
Yandex.kz,1.52,10/07/17
Egov.kz,7.21,11/07/17
Olx.kz,8.02,12/07/17
Kolesa.kz,10.6,13/07/17
Znanija.com,2.4,14/07/17
Ust.kz,2.41,15/07/17
Goszakup.gov.kz,16.4,16/07/17
Bilimland.kz,1.88,17/07/17
Bilimal.kz,8.07,18/07/17
Zan.kz,2.54,19/07/17
Smk.edu.kz,7.9,20/07/17
Kaspi.kz,5.35,21/07/17
Krisha.kz,9.71,22/07/17
Gismeteo.kz,2.46,23/07/17
Zakon.kz,2.27,24/07/17
Pki.gov.kz,3.53,25/07/17
Tengrinews.kz,2.5,26/07/17
Salyk.kz,4.17,27/07/17
Onlinemektep.net,1.56,28/07/17
Satu.kz,3.28,29/07/17
Kaznu.kz,8.77,30/07/17
Infourok.ru,2.12,31/07/17
Dmed.kz,7.69,01/08/17
1xbet.kz,1.35,02/08/17
Stud.kz,1.66,03/08/17
Ppt-online.org,1.75,04/08/17
Kopilkaurokov.ru,1.27,05/08/17
Hh.kz,6.38,06/08/17
Multiurok.ru,1.41,07/08/17
Standardmedia.co.ke,1.99,08/08/17
Tuko.co.ke,2.8,09/08/17
Nation.africa,2.57,10/08/17
Kenyans.co.ke,1.9,11/08/17
Jumia.co.ke,5.99,12/08/17
Ecitizen.go.ke,7.5,13/08/17
Jiji.co.ke,5.66,14/08/17
Kra.go.ke,4.71,15/08/17
K24tv.co.ke,1.3,16/08/17
Sportsmole.co.uk,2.3,17/08/17
Betika.com,3.3,18/08/17
Google.co.ke,3.91,19/08/17
The-star.co.ke,1.8,20/08/17
Victorspredict.com,5.3,21/08/17
Ghafla.com,3.4,22/08/17
Kenyamoja.com,2.3,23/08/17
Brightermonday.co.ke,4.2,24/08/17
Equitybankgroup.com,3.7,25/08/17
Turnitin.com,3.79,26/08/17
Biznakenya.com,1.7,27/08/17
Paypal.com,6.21,28/08/17
Google.com.kw,6.41,29/08/17
Alanba.com.kw,5.97,30/08/17
Alqabas.com,3.7,31/08/17
Xcite.com,6.07,01/09/17
Moi.gov.kw,8.34,02/09/17
Kpay.com.kw,2.5,03/09/17
Paci.gov.kw,3.1,04/09/17
Manpower.gov.kw,4.7,05/09/17
Indiansinkuwait.com,5,06/09/17
Alraimedia.com,2.4,07/09/17
E.gov.kw,2.1,08/09/17
Moh.gov.kw,4.2,09/09/17
Nbk.com.kw,7.4,10/09/17
Url.rw,1,11/09/17
Trackmyschool.info,6.7,12/09/17
Akipress.org,3.7,13/09/17
Ts.kg,5.08,14/09/17
Turmush.kg,1.9,15/09/17
24.kg,2.5,16/09/17
Lalafo.kg,3.4,17/09/17
Minjust.gov.kg,2.7,18/09/17
Google.kg,3.6,19/09/17
Kaktus.media,2.5,20/09/17
Elcat.kg,6.9,21/09/17
Salyk.kg,8.2,22/09/17
Sti.gov.kg,3.3,23/09/17
Centralasia.media,2.1,24/09/17
Srs.kg,3.3,25/09/17
Azattyk.org,2.1,26/09/17
Okmot.kg,7.9,27/09/17
Tazabek.kg,1.4,28/09/17
Sputnik.kg,1.9,29/09/17
Manas.edu.kg,10,30/09/17
Super.kg,3.3,01/10/17
Edu.gov.kg,4.6,02/10/17
Job.kg,5.2,03/10/17
Kundoluk.edu.kg,12,04/10/17
2gis.kg,1.5,05/10/17
Mashina.kg,7.6,06/10/17
Wildberries.kg,4.2,07/10/17
Gismeteo.ru,2.57,08/10/17
Yaklass.ru,8.37,09/10/17
Vb.kg,2,10/10/17
Doramy.club,5.26,11/10/17
Inbox.lv,3.43,12/10/17
E-klase.lv,7.39,13/10/17
Google.lv,4.14,14/10/17
Delfi.lv,3.7,15/10/17
Swedbank.lv,4.7,16/10/17
Ss.lv,18,17/10/17
Ss.com,15,18/10/17
Uzdevumi.lv,9.6,19/10/17
Draugiem.lv,4.8,20/10/17
Latvija.lv,4.2,21/10/17
Vid.gov.lv,8.1,22/10/17
Filebase.ws,7.3,23/10/17
Seb.lv,2.3,24/10/17
Citadele.lv,2.4,25/10/17
Gismeteo.lv,2.9,26/10/17
Tvnet.lv,8.6,27/10/17
Liepajniekiem.lv,3.8,28/10/17
Lsm.lv,1.8,29/10/17
Press.lv,2.8,30/10/17
Mykoob.lv,2,31/10/17
Gorod.lv,3,01/11/17
220.lv,6.9,02/11/17
Kinozal.tv,8.4,03/11/17
Elektrum.lv,5.1,04/11/17
Jauns.lv,2.6,05/11/17
Rdveikals.lv,8.2,06/11/17
Apollo.lv,2.5,07/11/17
Rtu.lv,7,08/11/17
Barbora.lv,11,09/11/17
Salidzini.lv,1.7,10/11/17
Yasour.org,3.7,11/11/17
Almanar.com.lb,2.9,12/11/17
Bintjbeil.org,2.8,13/11/17
Alahednews.com.lb,1.9,14/11/17
Google.com.lb,6.3,15/11/17
Myeschoolhome.com,10,16/11/17
Almodon.com,2.8,17/11/17
Saidaonline.com,5.4,18/11/17
Lebanon24.com,3.5,19/11/17
Lebanonfiles.com,3.3,20/11/17
Lebanon-lotto.com,1.8,21/11/17
Mtv.com.lb,2.8,22/11/17
Lebanondebate.com,3.4,23/11/17
Liu.edu.lb,6,24/11/17
Bau.edu.lb,4.7,25/11/17
Nna-leb.gov.lb,6.1,26/11/17
3isk.video,5.4,27/11/17
Olx.com.lb,6.4,28/11/17
Syria.tv,6.9,29/11/17
Mabarrat.net,7.4,30/11/17
Lbcgroup.tv,2.1,01/12/17
Google.com.ly,4.06,02/12/17
Afrigatenews.net,1.7,03/12/17
218tv.net,1.7,04/12/17
Uot.edu.ly,11,05/12/17
Yts.mx,4.52,06/12/17
Server.ly,8.1,07/12/17
Copart.com,9.91,08/12/17
Xhamster.desi,5.7,09/12/17
Libyanjobs.ly,6.9,10/12/17
Worldoftanks.eu,1.35,11/12/17
Anime4up.com,4.94,12/12/17
Cimaclub.in,5.76,13/12/17
Libyanspider.com,3.1,14/12/17
Ltt.ly,3.7,15/12/17
Jocial.com,10,16/12/17
Google.lt,3.51,17/12/17
Telugu360.com,3.5,18/12/17
Kasvyksta.lt,1.3,19/12/17
Delfi.lt,3.4,20/12/17
Tamo.lt,7.1,21/12/17
Swedbank.lt,4.1,22/12/17
Tueren-fachhandel.de,1,23/12/17
Manodienynas.lt,10,24/12/17
15min.lt,2.1,25/12/17
Skelbiu.lt,8.9,26/12/17
Eduka.lt,6.5,27/12/17
Igizmo.it,1,28/12/17
Amateuros.com,4,29/12/17
Lrytas.lt,3.1,30/12/17
Metanews.com,1,31/12/17
Cvonline.lt,5,01/01/18
Gismeteo.lt,4.5,02/01/18
Seb.lt,3,03/01/18
Ldb.lt,4.3,04/01/18
Draugas.lt,4.3,05/01/18
Senukai.lt,4,06/01/18
Pigu.lt,4.6,07/01/18
Usay.gr,2,08/01/18
Aruodas.lt,8.3,09/01/18
Ggwp.id,1.5,10/01/18
Tts.lt,3.2,11/01/18
Lamianow.gr,7.3,12/01/18
Lrt.lt,1.6,13/01/18
Autoplius.lt,7.7,14/01/18
Vz.lt,2.9,15/01/18
Chicv.com,37,16/01/18
Myshoplaza.com,26,17/01/18
Bnu.com.mo,6,18/01/18
Shoplazza.com,2.7,19/01/18
Cyberctm.com,6.5,20/01/18
Orderplus.com,7.7,21/01/18
Newchic.com,3.41,22/01/18
Grandlisboapalace.com,11,23/01/18
Macausjm-glp.com,7.7,24/01/18
Usj.edu.mo,9.4,25/01/18
Cityu.edu.mo,5.8,26/01/18
Nclexnursing.com,14,27/01/18
Vinicelife.com,13,28/01/18
Bocmacau.com,2.5,29/01/18
Chimpone.com,11,30/01/18
Codewithchris.com,3.6,31/01/18
Cambridge.org,3.23,01/02/18
Marstree.ltd,14,02/02/18
I-learner.com.hk,8.9,03/02/18
Rccarbashing.com,4.8,04/02/18
Reklama5.mk,6.78,05/02/18
Time.mk,2.24,06/02/18
Crnobelo.com,4.3,07/02/18
Femina.mk,2.7,08/02/18
Motika.mk,5.8,09/02/18
Sitel.com.mk,1.9,10/02/18
Gol.mk,3.8,11/02/18
Kajgana.com,3.9,12/02/18
Skopjeinfo.mk,1.2,13/02/18
Vrabotuvanje.com.mk,4.1,14/02/18
Tv21.tv,3.1,15/02/18
Centar.mk,1.7,16/02/18
Tocka.com.mk,3.3,17/02/18
Pazar3.mk,9.1,18/02/18
Alsat.mk,10,19/02/18
Slobodenpecat.mk,3.9,20/02/18
Off.net.mk,3.9,21/02/18
Netpress.com.mk,1.3,22/02/18
Nlbklik.com.mk,3.6,23/02/18
Kanal5.com.mk,3,24/02/18
Stb.com.mk,3.4,25/02/18
360stepeni.mk,2.7,26/02/18
A1on.mk,2.2,27/02/18
A1.mk,3.4,28/02/18
Kurir.mk,2.5,01/03/18
Evnonline.mk,5.4,02/03/18
Banka.com.mk,4.3,03/03/18
Shopee.com.my,7.86,04/03/18
Google.com.my,5.69,05/03/18
Lazada.com.my,7.22,06/03/18
Hasil.gov.my,6.56,07/03/18
Maybank2u.com.my,4.99,08/03/18
Pbebank.com,2.62,09/03/18
Kwsp.gov.my,4.72,10/03/18
Lowyat.net,4.4,11/03/18
Cimbclicks.com.my,1.57,12/03/18
Uitm.edu.my,11.3,13/03/18
Mepsfpx.com.my,2.35,14/03/18
Mudah.my,8.13,15/03/18
I3investor.com,4.59,16/03/18
Pgmall.my,1.52,17/03/18
Goody25.com,2.1,18/03/18
Malaysiakini.com,3.16,19/03/18
Thestar.com.my,2.85,20/03/18
Tantannews.com,1.2,21/03/18
Jobstreet.com.my,5.61,22/03/18
Dramacool.so,7.41,23/03/18
Rimnow.com,2.06,24/03/18
Ami.mr,4.85,25/03/18
Alakhbar.info,1.1,26/03/18
Essahraa.net,3.22,27/03/18
Rimnow.mr,2.1,28/03/18
Namu.wiki,4.14,29/03/18
Rimfeed.com,3,30/03/18
Diaspora.mr,7.9,31/03/18
Alwiam.info,3.4,01/04/18
Saharamedias.net,1.9,02/04/18
Zahraa.mr,2,03/04/18
Mourassiloun.com,2,04/04/18
Arriyada.net,4.6,05/04/18
Comavip.mr,7.9,06/04/18
Bea.mr,7.7,07/04/18
Asmlgroup.mr,7.8,08/04/18
Elmourageb.com,2.3,09/04/18
Rimtoday.net,1.4,10/04/18
Aljazeera.net,2.36,11/04/18
Wafaholding.mr,7.8,12/04/18
Mauriactu.info,1.8,13/04/18
11st.co.kr,5.22,14/04/18
Atlasinfo.info,4.8,15/04/18
Eljewahir.com,5.3,16/04/18
Meyadin.net,1.3,17/04/18
Nawafedh.com,1.1,18/04/18
Tig.mr,2,19/04/18
Elvetach.info,5.5,20/04/18
Aqlame.com,1.3,21/04/18
Rimpresse.com,5.6,22/04/18
Essirage.net,1.4,23/04/18
Kiffainfo.net,3.1,24/04/18
Legwareb.info,1,25/04/18
Essabq.info,3,26/04/18
Skynewsarabia.com,3.76,27/04/18
Allarab.info,9,28/04/18
Defimedia.info,3.5,29/04/18
Lexpress.mu,2.5,30/04/18
Google.mu,9.1,01/05/18
Myt.mu,4.7,02/05/18
Mcb.mu,2.9,03/05/18
Checkout.com,6.49,04/05/18
Govmu.org,4,05/05/18
Okta.com,3.77,06/05/18
Weshare.mu,21,07/05/18
Hibob.com,6.01,08/05/18
Freshdesk.com,7.89,09/05/18
Frontapp.com,38.1,10/05/18
Inside.news,7.1,11/05/18
Allsport.mu,5.2,12/05/18
Kf-eu00002.appspot.com,11,13/05/18
Myjob.mu,4.9,14/05/18
Priceguru.mu,4.8,15/05/18
Mycart.mu,16,16/05/18
Mra.mu,3.9,17/05/18
Telecom.mu,12,18/05/18
Stocktwits.com,6.2,19/05/18
Marideal.mu,5.7,20/05/18
Google.com.mx,7.85,21/05/18
Mercadolibre.com.mx,11.6,22/05/18
Amazon.com.mx,9.39,23/05/18
Caliente.mx,1.76,24/05/18
Www.gob.mx,2.19,25/05/18
Sat.gob.mx,6.8,26/05/18
Sdpnoticias.com,1.9,27/05/18
Eluniversal.com.mx,2.34,28/05/18
Banamex.com,4.8,29/05/18
Liverpool.com.mx,5.43,30/05/18
Unam.mx,2.95,31/05/18
Milenio.com,2.06,01/06/18
Cdmx.gob.mx,3.65,02/06/18
999.md,11,03/06/18
Gov.md,2.9,04/06/18
Point.md,5.6,05/06/18
Gismeteo.md,2.7,06/06/18
Google.md,4.7,07/06/18
Fisc.md,7.4,08/06/18
Makler.md,3.6,09/06/18
Stiri.md,1.6,10/06/18
Gospmr.org,2.1,11/06/18
Protv.md,1.3,12/06/18
Maib.md,3.7,13/06/18
Didactic.ro,3.7,14/06/18
Brainly.ro,2.7,15/06/18
Dexonline.ro,2.6,16/06/18
Curs.md,1.3,17/06/18
Fragrantica.ru,4.1,18/06/18
1plus1tv.ru,3.17,19/06/18
Kp.md,1.8,20/06/18
Meteo2.md,1.6,21/06/18
Ikon.mn,2.7,22/06/18
Gogo.mn,2.6,23/06/18
Xopom.com,1.5,24/06/18
News.mn,2.4,25/06/18
Eguur.mn,1.5,26/06/18
Caak.mn,1.9,27/06/18
Ubinfo.mn,1.2,28/06/18
Zindaa.mn,2.6,29/06/18
Updown.mn,8.2,30/06/18
Google.mn,5.81,01/07/18
Livetv.mn,3.3,02/07/18
Unegui.mn,15,03/07/18
W00w.pw,5,04/07/18
Mta.mn,4.7,05/07/18
Khanbank.com,2,06/07/18
Bolor-toli.com,4.3,07/07/18
Itc.gov.mn,1.5,08/07/18
Legalinfo.mn,3.1,09/07/18
Ebarimt.mn,2,10/07/18
Unuudur.mn,5.3,11/07/18
Itpd.mn,9.3,12/07/18
Esis.edu.mn,3.1,13/07/18
Econtent.edu.mn,8.7,14/07/18
Hdplayer.icu,1,15/07/18
Hdwow.icu,1,16/07/18
Zangia.mn,9.4,17/07/18
Itoim.mn,3.6,18/07/18
Vpgame.com,5.3,19/07/18
Ulaanbaatar.mn,4.8,20/07/18
Zarig.mn,1.8,21/07/18
Mof.gov.mn,3.5,22/07/18
Montsame.mn,1.7,23/07/18
Num.edu.mn,2.7,24/07/18
Spellcheck.gov.mn,1.1,25/07/18
Ibank.mn,5.9,26/07/18
Chouftv.ma,2.2,27/07/18
Hespress.com,2.46,28/07/18
2m.ma,1.9,29/07/18
Elbotola.com,2.5,30/07/18
Almaghreb24.com,4.7,31/07/18
Al3omk.com,3.4,01/08/18
Google.co.ma,5.71,02/08/18
Le360.ma,2.4,03/08/18
Tanja24.com,2.2,04/08/18
Akhbarona.com,3.1,05/08/18
Lesiteinfo.com,2.9,06/08/18
Goud.ma,2.8,07/08/18
Kech24.com,3.06,08/08/18
Aldar.ma,2.8,09/08/18
Hibapress.com,2.4,10/08/18
Avito.ma,10.6,11/08/18
Men.gov.ma,3.91,12/08/18
Achtari24.com,1.6,13/08/18
Jumia.ma,8.31,14/08/18
Alayam24.com,2.4,15/08/18
Moteur.ma,6.74,16/08/18
Aabbir.com,1.9,17/08/18
Lexilogos.com,1.13,18/08/18
Le12.ma,2.5,19/08/18
Dreamjob.ma,2.96,20/08/18
Agadir24.info,3.6,21/08/18
Mmload.com,1.3,22/08/18
Channelmyanmar.org,6.44,23/08/18
Google.com.mm,5.4,24/08/18
Thecmpage.com,3.2,25/08/18
Rabbit-converter.org,1,26/08/18
Megaup.net,2.42,27/08/18
Shop.com.mm,8.6,28/08/18
Irrawaddy.com,2.5,29/08/18
Mcf.org.mm,1.1,30/08/18
Apannpyaymedia.com,5.2,31/08/18
Yoteshinportal.cc,3.1,01/09/18
Jobnet.com.mm,8.2,02/09/18
Alinnthit.com,3.3,03/09/18
Kbzbank.com,3,04/09/18
Datbu.com,6.5,05/09/18
Mmtimes.com,1.8,06/09/18
Ad.plus,3.3,07/09/18
Nainglinn.com,4.7,08/09/18
Dica.gov.mm,3.4,09/09/18
Mmsubtitles.co,9.8,10/09/18
Hiinnommaww.site,2.2,11/09/18
Onlinekhabar.com,3.44,12/09/18
Ekantipur.com,2.46,13/09/18
Ratopati.com,3.6,14/09/18
Cdsc.com.np,6,15/09/18
Osnepal.com,1.9,16/09/18
Sancharkendra.com,5.6,17/09/18
Setopati.com,2.56,18/09/18
News24nepal.tv,1.8,19/09/18
Dainikonline.com,3.1,20/09/18
Nagariknetwork.com,2.2,21/09/18
Hamropatro.com,7.8,22/09/18
Ktmdainik.com,7,23/09/18
Mediadabali.com,3.5,24/09/18
Gorkhalikhabar.com,3.4,25/09/18
Praharnews.com,2.7,26/09/18
Nepalipaisa.com,3,27/09/18
Merolagani.com,4.9,28/09/18
Nepsetms.com.np,6.8,29/09/18
Khabarhub.com,4.1,30/09/18
Nepalstock.com,4.8,01/10/18
Bizshala.com,2.1,02/10/18
Reportersnepal.com,3.7,03/10/18
Sharesansar.com,3.5,04/10/18
Daraz.com.np,7.46,05/10/18
Annapurnapost.com,2.61,06/10/18
Nepalkhabar.com,2.59,07/10/18
Imagekhabar.com,3.25,08/10/18
Ujyaaloonline.com,3.68,09/10/18
Esewa.com.np,4.9,10/10/18
Deshsanchar.com,3.36,11/10/18
Merojob.com,8.3,12/10/18
Bizpati.com,3.1,13/10/18
Connectips.com,6.7,14/10/18
Prasashan.com,3.75,15/10/18
Nayapatrikadaily.com,2.3,16/10/18
Google.com.np,5.5,17/10/18
Onlinemarg.com,4.5,18/10/18
Koshionline.com,4.6,19/10/18
Lokaantar.com,2.2,20/10/18
Google.nl,3.01,21/10/18
Olx.ua,9.59,22/10/18
Google.com.ua,4.34,23/10/18
Nu.nl,2.5,24/10/18
Rutor.info,9.36,25/10/18
Nos.nl,3.4,26/10/18
Skladchik.com,16,27/10/18
Marktplaats.nl,4.7,28/10/18
Digid.nl,3.5,29/10/18
Vkmag.com,2.5,30/10/18
Dumpert.nl,1.9,31/10/18
Gismeteo.ua,2.44,01/11/18
Championat.com,3.31,02/11/18
Avito.ru,10.2,03/11/18
Surfconext.nl,1.3,04/11/18
Amazon.nl,4.6,05/11/18
Spankbang.com,10.9,06/11/18
Livejournal.com,2.84,07/11/18
Trademe.co.nz,8.95,08/11/18
Google.co.nz,9.53,09/11/18
Nzherald.co.nz,2.52,10/11/18
Stuff.co.nz,3.28,11/11/18
Asb.co.nz,7.33,12/11/18
Anz.co.nz,6.2,13/11/18
Newzealandgirls.co.nz,8.8,14/11/18
Seek.co.nz,6.63,15/11/18
Westpac.co.nz,5.03,16/11/18
Nzpost.co.nz,3.23,17/11/18
Kiwibank.co.nz,7.8,18/11/18
Ird.govt.nz,11,19/11/18
Pbtech.co.nz,4.7,20/11/18
Tvnz.co.nz,2.6,21/11/18
Sharesies.nz,5.4,22/11/18
Pinterest.nz,3.3,23/11/18
Bnz.co.nz,4,24/11/18
Spark.co.nz,2.7,25/11/18
Metservice.com,2.2,26/11/18
Nzta.govt.nz,5.9,27/11/18
Skykiwi.com,15,28/11/18
Xtra.co.nz,6,29/11/18
Thewarehouse.co.nz,4.5,30/11/18
Bet9ja.com,3.57,01/12/18
Nairaland.com,7.12,02/12/18
Legit.ng,5.35,03/12/18
Jumia.com.ng,6.54,04/12/18
Punchng.com,4.06,05/12/18
Vanguardngr.com,2.44,06/12/18
Gtbank.com,5.84,07/12/18
Dailypost.ng,3.1,08/12/18
Jiji.ng,5.9,09/12/18
Lindaikejisblog.com,5.02,10/12/18
Google.com.ng,6.32,11/12/18
Thenationonlineng.net,3.07,12/12/18
Tooxclusive.com,3.77,13/12/18
Paystack.com,5.17,14/12/18
Naijaloaded.com.ng,3.51,15/12/18
Cac.gov.ng,6.28,16/12/18
9jaflaver.com,2.6,17/12/18
Premiumtimesng.com,1.8,18/12/18
Channelstv.com,3.19,19/12/18
Thenetnaija.com,6.88,20/12/18
Vg.no,2.41,21/12/18
Nrk.no,2.23,22/12/18
Finn.no,3.4,23/12/18
Dagbladet.no,2.5,24/12/18
Tv2.no,2.1,25/12/18
Difi.no,2.4,26/12/18
Feide.no,1.3,27/12/18
Komplett.no,4.2,28/12/18
Google.no,2.3,29/12/18
E24.no,1.7,30/12/18
Dnb.no,4.2,31/12/18
Aftenposten.no,1.6,01/01/19
Nav.no,3.6,02/01/19
Nordnet.no,4.2,03/01/19
Viaplay.no,1.7,04/01/19
Yr.no,1.7,05/01/19
Vgtv.no,1.3,06/01/19
Vglive.no,1.4,07/01/19
Discoveryplus.no,2,08/01/19
Tek.no,1.3,09/01/19
Zalando.no,5,10/01/19
Adressa.no,1.7,11/01/19
Runescape.wiki,7.54,12/01/19
Crunchyroll.com,4.78,13/01/19
Gamer.no,8.1,14/01/19
Moe.gov.om,3.26,15/01/19
Atheer.om,1.6,16/01/19
Watanserb.com,6,17/01/19
Alroya.om,1.8,18/01/19
Google.com.om,5,19/01/19
Wordwall.net,3.59,20/01/19
Bankmuscatonline.com,8.1,21/01/19
Olx.com.om,6.6,22/01/19
Ita.gov.om,4.5,23/01/19
Squ.edu.om,6.4,24/01/19
Pamr.gov.om,6.1,25/01/19
Rop.gov.om,5.9,26/01/19
Liveworksheets.com,3.56,27/01/19
Manpower.gov.om,6.2,28/01/19
Eldorar.com,5.3,29/01/19
Shabiba.com,4.3,30/01/19
Nss.gov.om,4,31/01/19
Wisal.fm,1,01/02/19
Google.com.pk,5.66,02/02/19
Hamariweb.com,2.78,03/02/19
Urdupoint.com,3.14,04/02/19
Daraz.pk,9.2,05/02/19
Olx.com.pk,8.79,06/02/19
Dawn.com,2.32,07/02/19
Express.pk,4.5,08/02/19
Arynews.tv,3.3,09/02/19
Dailypakistan.com.pk,4.5,10/02/19
Dunyanews.tv,2.5,11/02/19
Tribune.com.pk,2.65,12/02/19
Pakwheels.com,8.22,13/02/19
Upwork.com,11.6,14/02/19
Vu.edu.pk,7.35,15/02/19
Jang.com.pk,9.39,16/02/19
Speedtest.net,2,17/02/19
Whatmobile.com.pk,4.4,18/02/19
Zameen.com,7.98,19/02/19
Alwatanvoice.com,2.1,20/02/19
Maannews.net,2.2,21/02/19
Alfajertv.com,3,22/02/19
Google.ps,5.07,23/02/19
Samanews.ps,1.6,24/02/19
Wattan.net,2.2,25/02/19
Palsawa.com,1.3,26/02/19
Paltoday.ps,2.6,27/02/19
Google.com.sa,6.66,28/02/19
Iugaza.edu.ps,2.2,01/03/19
Paltimeps.ps,2.9,02/03/19
Raya.ps,2.8,03/03/19
Bop.ps,6.8,04/03/19
Investing.com,3.39,05/03/19
Qudsnet.com,1.2,06/03/19
Bgeneral.com,9.88,07/03/19
Tvn-2.com,3.5,08/03/19
Telemetro.com,12,09/03/19
Prensa.com,2.2,10/03/19
Laestrella.com.pa,4.9,11/03/19
Midiario.com,1.9,12/03/19
Bitban.com,29,13/03/19
Elsiglo.com.pa,3.2,14/03/19
Quickservicepanama.com,8.8,15/03/19
Panamasolidario.gob.pa,2.9,16/03/19
Google.com.pa,5.4,17/03/19
Panamaamerica.com.pa,1.9,18/03/19
Banesco.com.pa,3.4,19/03/19
Intcomex.com,5.8,20/03/19
Google.com.pe,6.16,21/03/19
Sunat.gob.pe,4.31,22/03/19
Www.gob.pe,1.97,23/03/19
Elcomercio.pe,1.79,24/03/19
Mercadolibre.com.pe,7.64,25/03/19
Viabcp.com,4.17,26/03/19
Rpp.pe,1.8,27/03/19
Larepublica.pe,2.34,28/03/19
Minedu.gob.pe,2.7,29/03/19
Gestion.pe,1.7,30/03/19
Pj.gob.pe,5.11,31/03/19
Bbva.pe,4.9,01/04/19
Bn.com.pe,3,02/04/19
Doradobet.com,1.5,03/04/19
Computrabajo.com.pe,6.9,04/04/19
Falabella.com.pe,5.2,05/04/19
Sodimac.com.pe,4,06/04/19
Interbank.pe,5.3,07/04/19
Abs-cbn.com,1.83,08/04/19
Inquirer.net,1.96,09/04/19
Gmanetwork.com,2.3,10/04/19
Shopee.ph,7.39,11/04/19
Lazada.com.ph,7.08,12/04/19
Google.com.ph,8.02,13/04/19
Rappler.com,1.3,14/04/19
Indaytrending.com,3.8,15/04/19
Kissasian.sh,5.99,16/04/19
Sss.gov.ph,6,17/04/19
Investagrams.com,5.3,18/04/19
Brainly.ph,5.22,19/04/19
Mydramalist.com,5.49,20/04/19
Messenger.com,3.58,21/04/19
Colfinancial.com,3.89,22/04/19
Slack.com,7.59,23/04/19
Bdo.com.ph,4.41,24/04/19
Onlinejobs.ph,10.5,25/04/19
Google.pl,3.21,26/04/19
Allegro.pl,5.93,27/04/19
Wp.pl,3.28,28/04/19
Olx.pl,6.43,29/04/19
Onet.pl,2.16,30/04/19
Interia.pl,3.43,01/05/19
Cda.pl,5.03,02/05/19
Gazeta.pl,1.81,03/05/19
O2.pl,1.92,04/05/19
Wiocha.pl,5.5,05/05/19
Otomoto.pl,7,06/05/19
Librus.pl,9.08,07/05/19
Ipko.pl,2.4,08/05/19
Joemonster.org,5.8,09/05/19
Wykop.pl,5.1,10/05/19
Ceneo.pl,2.1,11/05/19
Filmweb.pl,3.1,12/05/19
Mbank.pl,3.8,13/05/19
Gumtree.pl,4.1,14/05/19
Vulcan.net.pl,5.1,15/05/19
Tvp.pl,2.4,16/05/19
Pracuj.pl,5.1,17/05/19
Centrum24.pl,7.2,18/05/19
Pz.gov.pl,3.2,19/05/19
Mediaexpert.pl,3.3,20/05/19
Pepper.pl,3,21/05/19
Login.gov.pl,1.9,22/05/19
Euro.com.pl,2.9,23/05/19
Money.pl,1.4,24/05/19
Www.gov.pl,2.4,25/05/19
Kwejk.pl,7.3,26/05/19
Bankmillennium.pl,5.3,27/05/19
Google.pt,3.22,28/05/19
Sapo.pt,3.3,29/05/19
Olx.pt,6.8,30/05/19
Portaldasfinancas.gov.pt,5.8,31/05/19
Cgd.pt,6,01/06/19
Abola.pt,12,02/06/19
Acesso.gov.pt,3,03/06/19
Seg-social.pt,5.7,04/06/19
Iol.pt,1.8,05/06/19
Jn.pt,2.5,06/06/19
Santander.pt,4.2,07/06/19
Rtp.pt,2.8,08/06/19
Record.pt,2.1,09/06/19
Meo.pt,2.4,10/06/19
Mrpiracy.top,3.8,11/06/19
Worten.pt,2.7,12/06/19
Cmjornal.pt,1.9,13/06/19
Ipma.pt,1.9,14/06/19
Idealista.pt,6.4,15/06/19
Publico.pt,1.8,16/06/19
Bancomontepio.pt,11,17/06/19
Amazon.es,5.47,18/06/19
Kuantokusta.pt,2.3,19/06/19
Jogossantacasa.pt,3.7,20/06/19
Millenniumbcp.pt,4.6,21/06/19
Mangainn.net,9.2,22/06/19
Up.pt,2.8,23/06/19
Apartadox.com,10,24/06/19
Myanimelist.net,4.87,25/06/19
Pr.gov,7,26/06/19
Upr.edu,3.2,27/06/19
Bancopopular.com,5,28/06/19
Elgenero.com,3.4,29/06/19
Clasificadosonline.com,4.7,30/06/19
Bbbsports.com,18,01/07/19
Usps.com,2.55,02/07/19
Elnuevodia.com,3,03/07/19
Popular.com,1.5,04/07/19
Zillow.com,8.25,05/07/19
Google.com.pr,3,06/07/19
Airbnb.com,16,07/07/19
Primerahora.com,2.8,08/07/19
Uprm.edu,5.6,09/07/19
Xpsshipper.com,16,10/07/19
Point2homes.com,11.6,11/07/19
Blackboard.com,5.5,12/07/19
Qatarliving.com,8.19,13/07/19
Google.com.qa,6.22,14/07/19
Hardees.qa,7.9,15/07/19
Thepeninsulaqatar.com,8.4,16/07/19
Moi.gov.qa,5.9,17/07/19
Mzadqatar.com,13,18/07/19
Manateq.qa,7.9,19/07/19
Jollibeedelivery.qa,7.9,20/07/19
Nas.gov.qa,4.5,21/07/19
Www.gov.qa,3.7,22/07/19
Luluhypermarket.com,3.73,23/07/19
Ooredoo.qa,4.8,24/07/19
Gulf-times.com,2.7,25/07/19
Qatarairways.com,4.2,26/07/19
Qu.edu.qa,8,27/07/19
Google.ro,3.64,28/07/19
Olx.ro,6.41,29/07/19
Emag.ro,5.27,30/07/19
Filelist.io,3.1,31/07/19
Filmeserialeonline.org,6.5,01/08/19
Gov.ro,2.9,02/08/19
Autovit.ro,4.8,03/08/19
Flashscore.ro,5.1,04/08/19
Digi24.ro,1.7,05/08/19
Publi24.ro,7.3,06/08/19
Hotnews.ro,1.8,07/08/19
Betano.com,1.5,08/08/19
Edu.ro,2.9,09/08/19
Digisport.ro,3.1,10/08/19
Playtech.ro,1.4,11/08/19
Libertatea.ro,1.4,12/08/19
Booking.com,5.05,13/08/19
Btrl.ro,1.5,14/08/19
Ing.ro,1.6,15/08/19
Eon.ro,3.4,16/08/19
Gsp.ro,3.2,17/08/19
Adevarul.ro,1.6,18/08/19
Homebank.ro,1.2,19/08/19
Vezionline.net,3.8,20/08/19
Anaf.ro,5.6,21/08/19
Gosuslugi.ru,4.16,22/08/19
Sberbank.ru,5.59,23/08/19
Ozon.ru,3.46,24/08/19
Uchi.ru,15.6,25/08/19
Ria.ru,1.92,26/08/19
Drom.ru,10.9,27/08/19
Rbc.ru,1.75,28/08/19
Dnevnik.ru,4.72,29/08/19
Consultant.ru,4.31,30/08/19
Hh.ru,6.41,31/08/19
Nalog.ru,3.08,01/09/19
Mos.ru,5.3,02/09/19
Sbrf.ru,2.19,03/09/19
Mirconnect.ru,3.24,04/09/19
Mk.ru,1.65,05/09/19
Lordfilms-s.pw,1.78,06/09/19
Kp.ru,1.38,07/09/19
Sdamgia.ru,2.85,08/09/19
Mosreg.ru,5.27,09/09/19
Tinkoff.ru,3.23,10/09/19
2gis.ru,2.14,11/09/19
Gdz.ru,4.47,12/09/19
Yoomoney.ru,3.66,13/09/19
Gazeta.ru,1.53,14/09/19
Sabq.org,2.27,15/09/19
Madrasati.sa,7.35,16/09/19
Absher.sa,17.2,17/09/19
Almubasher.com.sa,9.5,18/09/19
Iam.gov.sa,3.21,19/09/19
Okaz.com.sa,2.2,20/09/19
Argaam.com,5.98,21/09/19
Amazon.sa,8.8,22/09/19
Haraj.com.sa,15.2,23/09/19
Noon.com,8.68,24/09/19
Alahlionline.com,6.57,25/09/19
Moe.gov.sa,6.03,26/09/19
Jarir.com,4.49,27/09/19
Moj.gov.sa,7.28,28/09/19
Classera.com,11.9,29/09/19
Alinma.com,8.77,30/09/19
Mol.gov.sa,6.39,01/10/19
Mhtwyat.com,2.51,02/10/19
Seneweb.com,2.9,03/10/19
Senego.com,3.1,04/10/19
Sanslimitesn.com,12,05/10/19
Dakaractu.com,2,06/10/19
Leral.net,5.9,07/10/19
Senegal7.com,3.3,08/10/19
Uvs.sn,8.2,09/10/19
Google.sn,4.5,10/10/19
Wiwsport.com,5.5,11/10/19
Igfm.sn,3.3,12/10/19
Premierbet.sn,1.3,13/10/19
Passorange.sn,2.4,14/10/19
Diplomatie.gouv.fr,2.4,15/10/19
Emedia.sn,2.4,16/10/19
Orange.sn,5.1,17/10/19
Expat-dakar.com,4.5,18/10/19
Buzzsenegal.com,2.2,19/10/19
Jumia.sn,3.6,20/10/19
Waneotech.com,13,21/10/19
Notrecontinent.com,1.3,22/10/19
Aps.sn,2.4,23/10/19
Lws.fr,6.2,24/10/19
Campusfrance.org,2.5,25/10/19
Xalimasn.com,6.8,26/10/19
Dakarbuzz.net,2.5,27/10/19
Senenews.com,1.6,28/10/19
Loozap.com,2.4,29/10/19
Sec.gouv.sn,2.8,30/10/19
Footmercato.net,3.3,31/10/19
Lequipe.fr,2.4,01/11/19
Google.rs,8.53,02/11/19
Kupujemprodajem.com,11.2,03/11/19
Blic.rs,3.29,04/11/19
Polovniautomobili.com,8.92,05/11/19
Nova.rs,3.48,06/11/19
Tehnomedia.rs,3.5,07/11/19
Halooglasi.com,5.19,08/11/19
Telegraf.rs,2.11,09/11/19
Novosti.rs,2.5,10/11/19
Oglasi.rs,6.6,11/11/19
Rgz.gov.rs,5.13,12/11/19
Mondo.rs,2.88,13/11/19
Eon.tv,6.06,14/11/19
Danas.rs,2.12,15/11/19
Gigatron.rs,4.24,16/11/19
Alo.rs,2.3,17/11/19
Rts.rs,3.23,18/11/19
Nekretnine.rs,7,19/11/19
Objektiv.rs,2,20/11/19
013info.rs,22,21/11/19
Bancaintesa.rs,4.26,22/11/19
Shopee.sg,8.61,23/11/19
Carousell.sg,6.19,24/11/19
Singpass.gov.sg,1.69,25/11/19
Straitstimes.com,1.69,26/11/19
Channelnewsasia.com,1.9,27/11/19
Nus.edu.sg,8.94,28/11/19
Propertyguru.com.sg,7.59,29/11/19
Ntu.edu.sg,7.18,30/11/19
Ocbc.com,3.75,01/12/19
Amazon.sg,6.53,02/12/19
Uob.com.sg,6.48,03/12/19
Hardwarezone.com.sg,6.34,04/12/19
Cpf.gov.sg,8.2,05/12/19
Mothership.sg,1.62,06/12/19
Google.sk,3.4,07/12/19
Edupage.org,3.35,08/12/19
Zoznam.sk,3.7,09/12/19
Aktuality.sk,3.2,10/12/19
Sme.sk,2.6,11/12/19
Bazos.sk,7.9,12/12/19
Topky.sk,2.8,13/12/19
Cas.sk,6,14/12/19
Azet.sk,3.6,15/12/19
Alza.sk,5,16/12/19
Shmu.sk,4.2,17/12/19
Slsp.sk,3.2,18/12/19
Pluska.sk,4,19/12/19
Heureka.sk,2.9,20/12/19
Centrum.sk,2.3,21/12/19
Gov.sk,2.2,22/12/19
Uniba.sk,4.7,23/12/19
Pravda.sk,2.6,24/12/19
Dennikn.sk,1.9,25/12/19
Sledujserialy.to,3.6,26/12/19
Slovake.eu,14,27/12/19
Hlavnespravy.sk,8.9,28/12/19
Rtvs.sk,2.4,29/12/19
Nehnutelnosti.sk,6.2,30/12/19
Tatrabanka.sk,2.2,31/12/19
Profesia.sk,6.4,01/01/20
Mall.sk,3.3,02/01/20
Ibm.com,3.92,03/01/20
Ulozto.sk,3.7,04/01/20
Unipo.sk,7.2,05/01/20
Shutterstock.com,6.92,06/01/20
Tipos.sk,1.7,07/01/20
Google.co.za,6.77,08/01/20
Dstv.com,3.47,09/01/20
Fnb.co.za,2.91,10/01/20
Takealot.com,6.24,11/01/20
Property24.com,11.9,12/01/20
Gumtree.co.za,5.88,13/01/20
News24.com,2.2,14/01/20
Fakaza.com,4.4,15/01/20
Briefly.co.za,2.2,16/01/20
Unisa.ac.za,8.43,17/01/20
Showmax.com,3.4,18/01/20
Standardbank.co.za,5.8,19/01/20
Absa.co.za,4.2,20/01/20
Betway.co.za,3.98,21/01/20
Sageone.co.za,7.93,22/01/20
Privateproperty.co.za,9.4,23/01/20
Payfast.co.za,4.2,24/01/20
Iol.co.za,2.01,25/01/20
Nedbank.co.za,3.86,26/01/20
Nedsecure.co.za,2.25,27/01/20
Zenoti.com,7.41,28/01/20
Www.gov.za,4.7,29/01/20
Kakao.com,4.61,30/01/20
Google.co.kr,5.19,31/01/20
Coupang.com,7.46,01/02/20
Dcinside.com,3.75,02/02/20
Hometax.go.kr,4,03/02/20
Donga.com,7.37,04/02/20
Gmarket.co.kr,4.91,05/02/20
Afreecatv.com,14.2,06/02/20
Fmkorea.com,11.7,07/02/20
Ppomppu.co.kr,8.93,08/02/20
Chosun.com,1.64,09/02/20
Inven.co.kr,5.82,10/02/20
Yna.co.kr,3.53,11/02/20
Nexon.com,5.19,12/02/20
Danawa.com,5.84,13/02/20
Ruliweb.com,8.74,14/02/20
Auction.co.kr,4.99,15/02/20
Elpais.com,1.75,16/02/20
Juntadeandalucia.es,4.1,17/02/20
As.com,2.13,18/02/20
Caixabank.es,3.7,19/02/20
Elmundo.es,1.9,20/02/20
Lavanguardia.com,1.76,21/02/20
Sport.es,2.2,22/02/20
Bancsabadell.com,7.2,23/02/20
Milanuncios.com,3.3,24/02/20
Movistarplus.es,3.7,25/02/20
Bancosantander.es,2.6,26/02/20
Gencat.cat,4,27/02/20
Abc.es,1.7,28/02/20
Rtve.es,2.1,29/02/20
Mundodeportivo.com,2.5,01/03/20
Bbva.es,2.2,02/03/20
Clave.gob.es,2.7,03/03/20
Gva.es,4.2,04/03/20
Seg-social.gob.es,3.9,05/03/20
Idealista.com,5.9,06/03/20
Elcorteingles.es,5.4,07/03/20
Agenciatributaria.gob.es,7.6,08/03/20
Wallapop.com,3.1,09/03/20
Xunta.gal,4.4,10/03/20
Google.lk,7.76,11/03/20
Ikman.lk,10.2,12/03/20
Hirufm.lk,3.95,13/03/20
Daraz.lk,7.16,14/03/20
Hirunews.lk,4.21,15/03/20
Gossiplankanews.com,3.72,16/03/20
Tamilwin.com,3.5,17/03/20
Adaderana.lk,3.41,18/03/20
Slt.lk,2.58,19/03/20
Commercialbk.com,5.34,20/03/20
Jvpnews.com,3.4,21/03/20
Lankacnews.com,4.54,22/03/20
Sampathvishwa.com,1.5,23/03/20
Cmb.ac.lk,2.66,24/03/20
Dialog.lk,4.33,25/03/20
Topjobs.lk,5.04,26/03/20
Baiscopelk.com,3.1,27/03/20
Lankasri.com,2.5,28/03/20
Ibctamil.com,3.7,29/03/20
Lankadeepa.lk,2.73,30/03/20
Elakiri.com,15,31/03/20
Gossip-lankanews.com,3.4,01/04/20
Sudannews365.org,1,02/04/20
Sudanakhbar.com,6.1,03/04/20
Alrakoba.net,5.6,04/04/20
Alnilin.com,4.6,05/04/20
Cloudns.io,9.5,06/04/20
Ultrasawt.com,7.3,07/04/20
Suna-news.net,3.5,08/04/20
Wevrlabs.net,18,09/04/20
Doubleclick.net,1.88,10/04/20
Sudanjob.net,2.1,11/04/20
Unityhighschool.org,5.7,12/04/20
Zazzle.com,4.61,13/04/20
Autowini.com,15,14/04/20
Akhbaralsudan.com,7.8,15/04/20
Adengd.net,12,16/04/20
Egybest.zone,5.7,17/04/20
24.ae,8,18/04/20
Spa.gov.sa,6,19/04/20
Exe.app,2.94,20/04/20
Zainblue.com,9.8,21/04/20
Torrentleech.org,3.8,22/04/20
Alintibaha.net,4.3,23/04/20
Google.se,2.23,24/04/20
Vklass.se,3.2,25/04/20
Aftonbladet.se,1.64,26/04/20
Svt.se,2.7,27/04/20
Blocket.se,2.6,28/04/20
Avanza.se,3.8,29/04/20
Hemnet.se,4.1,30/04/20
Kth.se,3.2,01/05/20
Funktionstjanster.se,4.2,02/05/20
Expressen.se,1.8,03/05/20
Svtplay.se,1.3,04/05/20
Swedbank.se,2.4,05/05/20
Rarbg.to,4.79,06/05/20
Arbetsformedlingen.se,4.1,07/05/20
Tradera.com,4.4,08/05/20
Viaplay.se,1.5,09/05/20
Hitta.se,2.4,10/05/20
Ikea.com,7.11,11/05/20
Ica.se,2.1,12/05/20
Warcraftlogs.com,6.02,13/05/20
Elgiganten.se,3.2,14/05/20
1177.se,4,15/05/20
Dn.se,2.1,16/05/20
Worldofwarcraft.com,3.23,17/05/20
Sweclockers.com,2.2,18/05/20
Google.ch,8.68,19/05/20
Digitec.ch,6.28,20/05/20
20min.ch,2.96,21/05/20
Admin.ch,2.8,22/05/20
Ricardo.ch,9.42,23/05/20
Galaxus.ch,5.97,24/05/20
Ubs.com,7.47,25/05/20
Postfinance.ch,3.27,26/05/20
Blick.ch,2.7,27/05/20
Srf.ch,3.1,28/05/20
Post.ch,6.3,29/05/20
Bluewin.ch,5.2,30/05/20
Infomaniak.com,10.8,31/05/20
Raiffeisen.ch,7.9,01/06/20
Bexio.com,17,02/06/20
Tutti.ch,5.4,03/06/20
Zattoo.com,8.8,04/06/20
Swissquote.ch,5.7,05/06/20
Sana.sy,4.9,06/06/20
Svuonline.org,5,07/06/20
Sp-today.com,1.2,08/06/20
Ortas.online,7,09/06/20
Sputniknews.com,3.15,10/06/20
Onclicksuper.com,1,11/06/20
Linkonclick.com,1,12/06/20
Ainpedia.com,13,13/06/20
Shahid4u.onl,5.37,14/06/20
Alalamtv.net,4.2,15/06/20
Almayadeen.net,2.5,16/06/20
Shaamtimes.net,3.9,17/06/20
Almaany.com,3.75,18/06/20
Sic-eclaim.com,3.5,19/06/20
Inet.sy,22,20/06/20
Uptodown.com,2.07,21/06/20
Blastcahs.com,1.4,22/06/20
Ortas.sy,3.9,23/06/20
Momoshop.com.tw,3.39,24/06/20
Setn.com,1.36,25/06/20
Google.com.tw,8.46,26/06/20
Dcard.tw,3.38,27/06/20
Shopee.tw,7.62,28/06/20
104.com.tw,6.07,29/06/20
Nownews.com,9.25,30/06/20
Ebc.net.tw,1.58,01/07/20
Pchome.com.tw,6.5,02/07/20
Udn.com,2.73,03/07/20
Gamer.com.tw,3.08,04/07/20
Ptt.cc,3.6,05/07/20
Storm.mg,1.7,06/07/20
Edh.tw,2.1,07/07/20
Cmoney.tw,3.41,08/07/20
Jkforum.net,6.4,09/07/20
Biggo.com.tw,2.6,10/07/20
Kknews.cc,1.59,11/07/20
Ruten.com.tw,2.71,12/07/20
Cna.com.tw,2.6,13/07/20
Businessweekly.com.tw,2.44,14/07/20
Mobile01.com,1.79,15/07/20
Newtalk.tw,2.5,16/07/20
Popdaily.com.tw,2,17/07/20
Businesstoday.com.tw,2.1,18/07/20
Beauty321.com,2.7,19/07/20
Ltn.com.tw,2.3,20/07/20
Yahoo.com.tw,2.68,21/07/20
Feebee.com.tw,1.76,22/07/20
Tra.go.tz,8.5,23/07/20
Necta.go.tz,8.8,24/07/20
Jamiiforums.com,13,25/07/20
Ega.go.tz,16,26/07/20
Sportpesa.co.tz,5.5,27/07/20
Mabumbe.com,3.6,28/07/20
Djmwanga.com,3.8,29/07/20
Citimuzik.com,12,30/07/20
Premierbet.co.tz,1.3,31/07/20
Millardayo.com,2.8,01/08/20
Sofascore.com,3.77,02/08/20
Google.co.tz,2.5,03/08/20
Cloudsmediatz.com,8.6,04/08/20
Ajira.go.tz,7.1,05/08/20
Out.ac.tz,5.1,06/08/20
Tamisemi.go.tz,3.1,07/08/20
Betika.co.tz,1.2,08/08/20
Udsm.ac.tz,7,09/08/20
Gov.go.tz,6.3,10/08/20
Goal.com,2.52,11/08/20
Brela.go.tz,5.2,12/08/20
Hearthis.at,3.7,13/08/20
Ajirayako.co.tz,4.4,14/08/20
Betpawa.co.tz,3,15/08/20
Tripadvisor.com,3.41,16/08/20
Buenotraffic.com,1,17/08/20
Google.co.th,6.13,18/08/20
Shopee.co.th,7.95,19/08/20
Lazada.co.th,7.79,20/08/20
Pantip.com,2.93,21/08/20
Sanook.com,2.57,22/08/20
Kapook.com,3.05,23/08/20
Line.biz,12.3,24/08/20
Thairath.co.th,1.86,25/08/20
Moph.go.th,4.16,26/08/20
Mgronline.com,2.95,27/08/20
Settrade.com,5.96,28/08/20
Trueid.net,1.81,29/08/20
037hdmovie.com,4.15,30/08/20
Viu.com,2.58,31/08/20
678moviehd.com,4.37,01/09/20
Rd.go.th,6.27,02/09/20
123-hd.com,4.51,03/09/20
Longdo.com,2.8,04/09/20
Bangkokbiznews.com,1.46,05/09/20
Kaidee.com,4.96,06/09/20
Khaosod.co.th,2.13,07/09/20
Kasikornbank.com,3.07,08/09/20
Animekimi.com,6.12,09/09/20
Set.or.th,4.52,10/09/20
Sweettntmagazine.com,8.2,11/09/20
Republictt.com,5.3,12/09/20
Google.tt,3.2,13/09/20
Csfcouriersltd.com,15,14/09/20
Firstcitizenstt.net,3.1,15/09/20
Chutneymusic.com,12,16/09/20
Moe.gov.tt,3,17/09/20
Soccerway.com,5.75,18/09/20
Mxc.com,4.11,19/09/20
Vipboxtv.se,3.9,20/09/20
Firstcitizenstt.com,1.4,21/09/20
Asti.education,15,22/09/20
Wellsfargo.com,7.55,23/09/20
Skimlinks.com,4.22,24/09/20
Mosaiquefm.net,3.1,25/09/20
Nessma.tv,2.8,26/09/20
Google.tn,7.4,27/09/20
Attessia.tv,1.6,28/09/20
Babnet.net,7.5,29/09/20
Elhiwarettounsi.com,1.6,30/09/20
Tunisienumerique.com,4.2,01/10/20
Tayara.tn,9.83,02/10/20
Jumia.com.tn,6.41,03/10/20
Mytek.tn,6.99,04/10/20
Tunisia-sat.com,7.08,05/10/20
Businessnews.com.tn,2.2,06/10/20
Alchourouk.com,3.8,07/10/20
Tuniscope.com,3.3,08/10/20
Kapitalis.com,6.4,09/10/20
Tunisianet.com.tn,3.4,10/10/20
Ovh.net,2.8,11/10/20
Shemsfm.net,2.2,12/10/20
Tanitjobs.com,5.5,13/10/20
Google.com.tr,7.23,14/10/20
Sahibinden.com,17.8,15/10/20
Turkiye.gov.tr,3.97,16/10/20
Ensonhaber.com,4.77,17/10/20
Hurriyet.com.tr,6.43,18/10/20
Eba.gov.tr,7.37,19/10/20
Milliyet.com.tr,11.8,20/10/20
Memurlar.net,3.98,21/10/20
Hepsiburada.com,7.34,22/10/20
Sporx.com,3.28,23/10/20
Kizlarsoruyor.com,3.32,24/10/20
Sozcu.com.tr,4.44,25/10/20
Yeniakit.com.tr,4.32,26/10/20
Mynet.com,6.36,27/10/20
Meb.gov.tr,4.59,28/10/20
Eksisozluk.com,5.65,29/10/20
Yenisafak.com,1.84,30/10/20
N11.com,6.84,31/10/20
Sabah.com.tr,3.12,01/11/20
Haberturk.com,4.63,02/11/20
Haberler.com,4.18,03/11/20
Trthaber.com,3.92,04/11/20
Haber7.com,9.57,05/11/20
Yemeksepeti.com,7.03,06/11/20
Kitapsec.com,6.19,07/11/20
Gittigidiyor.com,5.43,08/11/20
Neoldu.com,2.79,09/11/20
Ukr.net,2.08,10/11/20
Rozetka.com.ua,3.64,11/11/20
Privatbank.ua,2.53,12/11/20
Prom.ua,3.77,13/11/20
Privat24.ua,1.67,14/11/20
Ria.com,7.87,15/11/20
Sinoptik.ua,1.66,16/11/20
I.ua,4.27,17/11/20
Kinokrad.co,3.69,18/11/20
104.ua,3.5,19/11/20
Fwdcdn.com,1.36,20/11/20
Rada.gov.ua,2.58,21/11/20
Work.ua,7.6,22/11/20
Kino-teatr.ru,1.94,23/11/20
Osvita.ua,1.98,24/11/20
Epicentrk.ua,4.8,25/11/20
Pravda.com.ua,2,26/11/20
Megogo.net,1.7,27/11/20
Novaposhta.ua,3.1,28/11/20
Censor.net,3.2,29/11/20
Obozrevatel.com,2.6,30/11/20
Rst.ua,13,01/12/20
Yandex.ua,1.9,02/12/20
Google.ae,7.2,03/12/20
Amazon.ae,9.08,04/12/20
Dubizzle.com,8.97,05/12/20
Khaleejtimes.com,2.76,06/12/20
Gulfnews.com,2.61,07/12/20
Moe.gov.ae,6.15,08/12/20
Etisalat.ae,3.64,09/12/20
Bayut.com,4.34,10/12/20
Arcot.com,1.2,11/12/20
Propertyfinder.ae,6.72,12/12/20
Emiratesnbd.com,2.43,13/12/20
Google.co.uk,4.05,14/12/20
Ebay.co.uk,5.56,15/12/20
Theguardian.com,2.69,16/12/20
Rightmove.co.uk,5.2,17/12/20
Unilad.co.uk,1.4,18/12/20
Virginmedia.com,3.7,19/12/20
Bt.com,3.5,20/12/20
Sky.com,1.82,21/12/20
Argos.co.uk,3.2,22/12/20
Hotukdeals.com,2.1,23/12/20
Chase.com,7.56,24/12/20
Nytimes.com,2.69,25/12/20
Force.com,18.5,26/12/20
Craigslist.org,8.38,27/12/20
Salesforce.com,8.16,28/12/20
Hulu.com,4.94,29/12/20
Ca.gov,6.84,30/12/20
Foxnews.com,2.6,31/12/20
Fidelity.com,8.45,01/01/21
Irs.gov,5,02/01/21
Bestbuy.com,4.24,03/01/21
Mercadolibre.com.uy,13.4,04/01/21
Google.com.uy,5.15,05/01/21
Brou.com.uy,4.05,06/01/21
Elpais.com.uy,1.7,07/01/21
Montevideo.com.uy,2.3,08/01/21
Farmashop.com.uy,14,09/01/21
Itaulink.com.uy,2.7,10/01/21
Santander.com.uy,4.8,11/01/21
Loi.com.uy,10,12/01/21
Elobservador.com.uy,1.5,13/01/21
Itau.com.uy,1.3,14/01/21
Scotiabank.com.uy,5.2,15/01/21
Subrayado.com.uy,2.2,16/01/21
Mercadopago.com.uy,5.1,17/01/21
Bps.gub.uy,5.1,18/01/21
Bbva.com.uy,4.2,19/01/21
Zetalibra.com,17,20/01/21
Pedidosya.com.uy,5.7,21/01/21
Slidemodel.com,5.8,22/01/21
Www.gub.uy,2,23/01/21
Antel.com.uy,4.3,24/01/21
Sistarbanc.com.uy,3.3,25/01/21
Sucive.gub.uy,3.3,26/01/21
Nnet.com.uy,7.3,27/01/21
Vera.com.uy,3.7,28/01/21
Computrabajo.com.uy,5.4,29/01/21
Buscojobs.com.uy,7.9,30/01/21
Ovaciondigital.com.uy,1.7,31/01/21
Olx.uz,10.2,01/02/21
Soliq.uz,7.74,02/02/21
Kun.uz,2.97,03/02/21
Kundalik.com,7.14,04/02/21
Esi.uz,1.2,05/02/21
Lex.uz,3.8,06/02/21
Soliqservis.uz,11.8,07/02/21
Gov.uz,4.9,08/02/21
Yandex.uz,1.74,09/02/21
Daryo.uz,4.3,10/02/21
Mover.uz,4.4,11/02/21
Uzex.uz,14,12/02/21
Edu.uz,6.2,13/02/21
Qalampir.uz,3.5,14/02/21
Google.co.uz,3,15/02/21
Didox.uz,1.7,16/02/21
Gazeta.uz,1.8,17/02/21
Stadion.uz,5.1,18/02/21
Hh.uz,6.6,19/02/21
Allmovies.uz,4.3,20/02/21
Nbu.uz,6,21/02/21
Mehnat.uz,5,22/02/21
Podrobno.uz,2.2,23/02/21
Stat.uz,3,24/02/21
Glotr.uz,2.9,25/02/21
Championat.asia,2.6,26/02/21
Norma.uz,1.8,27/02/21
Novostinedeli24.com,2.55,28/02/21
Mdm.uz,15,01/03/21
Pmbet.uz,1.2,02/03/21
Egov.uz,1.9,03/03/21
Patria.org.ve,11,04/03/21
Banvenez.com,2.95,05/03/21
Google.co.ve,4.33,06/03/21
Bancodevenezuela.com,1.12,07/03/21
Banesconline.com,5.62,08/03/21
Mercadolibre.com.ve,10.2,09/03/21
Mercantilbanco.com,4.08,10/03/21
Bicentenariobu.com,3.05,11/03/21
Provincial.com,5.32,12/03/21
Lapatilla.com,3.31,13/03/21
Banesco.com,1.19,14/03/21
Ojooo.com,36.3,15/03/21
Neobux.com,4.14,16/03/21
Bancadigitalbod.com,7.11,17/03/21
Hzhongxing.cn,7.9,18/03/21
Bnc.com.ve,3.84,19/03/21
Longxuhuang.com,7.9,20/03/21
Binance.com,7.66,21/03/21
Laiguana.tv,4.1,22/03/21
Bancaynegocios.com,1.7,23/03/21
Seniat.gob.ve,9.2,24/03/21
Bt.gob.ve,3.8,25/03/21
Shopee.vn,10.2,26/03/21
Google.com.vn,6,27/03/21
Vnexpress.net,4.73,28/03/21
Laodong.vn,1.96,29/03/21
Thethao247.vn,2.1,30/03/21
Vtv.vn,1.74,31/03/21
24h.com.vn,6.65,01/04/21
Kenh14.vn,4.7,02/04/21
Zingnews.vn,6.84,03/04/21
Animevnn.com,2,04/04/21
Dantri.com.vn,4.05,05/04/21
Tiki.vn,6.8,06/04/21
Lazada.vn,7.44,07/04/21
Cafef.vn,4.55,08/04/21
Vietnamnet.vn,2.63,09/04/21
Zalo.me,2.06,10/04/21
Tuoitre.vn,2.57,11/04/21
Vietcombank.com.vn,4.99,12/04/21
Baomoi.com,3.43,13/04/21
2banh.vn,1.9,14/04/21
Phimmoizz.net,5.89,15/04/21
Thanhnien.vn,2.17,16/04/21
Quantrimang.com,1.47,17/04/21
Sendo.vn,5.44,18/04/21
Nettruyen.com,18.6,19/04/21
Coccoc.com,1.34,20/04/21
Xemphimplus.net,7,21/04/21
Batdongsan.com.vn,6.35,22/04/21
Wefinex.net,2,23/04/21
Kiotviet.vn,6.68,24/04/21
Chotot.com,8.96,25/04/21
Soha.vn,4,26/04/21
Voz.vn,19.1,27/04/21
Giaohangtietkiem.vn,4.32,28/04/21
Vndirect.com.vn,4.4,29/04/21
Elyamnelaraby.com,1,30/04/21
Alayyam.info,2.7,01/05/21
Yemen.net.ye,2.4,02/05/21
Sahafah24.net,9.9,03/05/21
Yalla-shoot.com,3.6,04/05/21
Yemenhr.com,3.3,05/05/21
Sahafah24.com,11,06/05/21
Sahafahn.net,15,07/05/21
Yalla-shoot-new.com,3.26,08/05/21
Mpokora-online.com,3.6,09/05/21
Online-kora.com,2.8,10/05/21
Alyemenione.com,25,11/05/21
Almasirah.net,4.6,12/05/21
Yalla-shoot-7asry.com,3.58,13/05/21
Alkhabaralyemeni.net,5.5,14/05/21
Sahafahn.com,7,15/05/21
Www.saba.ye,4.6,16/05/21
Korastare.com,4.4,17/05/21
Movizland.online,4.98,18/05/21
7obtv.net,3,19/05/21
Zimeye.net,2.4,20/05/21
Nehandaradio.com,1.8,21/05/21
Vacancymail.co.zw,5.6,22/05/21
Zimra.co.zw,4.7,23/05/21
Google.co.zw,3,24/05/21
Pindula.co.zw,1.9,25/05/21
Zou.ac.zw,3.4,26/05/21
Iharare.com,4.1,27/05/21
Herald.co.zw,2.5,28/05/21
Msu.ac.zw,2.5,29/05/21
O2tvseries.com,7.89,30/05/21
Classifieds.co.zw,3.4,31/05/21
Tandfonline.com,1.82,01/06/21
Newsdzezimbabwe.co.uk,2.6,02/06/21
Bulawayo24.com,2.2,03/06/21
Uz.ac.zw,2.9,04/06/21
Fbc.co.zw,3,05/06/21
Mp3juices.cc,1,06/06/21
O2tv.org,4.4,07/06/21
Chronicle.co.zw,2.8,08/06/21
Rarbgdata.org,10,09/06/21
Gethost.co.zw,19,10/06/21
Ask.com,2.23,11/06/21
Tremhost.com,4.6,12/06/21
Toxicwap.com,10,13/06/21