site,pageViews,date
Google.com,17.11,25/05/2022
Youtube.com,9.95,25/05/2022
Facebook.com,8.82,25/05/2022
Wikipedia.org,3.12,25/05/2022
Acbar.org,5.9,25/05/2022
Khaama.com,8.8,25/05/2022
Bbc.com,2.62,25/05/2022
Stackoverflow.com,3.92,25/05/2022
Yahoo.com,4.83,25/05/2022
Aparat.com,5.17,25/05/2022
Microsoft.com,3.29,25/05/2022
Google.com.af,2.5,24/05/2022
O4af.com,4.2,24/05/2022
Amazon.com,9.9,24/05/2022
Rahim-soft.com,13,24/05/2022
Maskanyab.af,14,24/05/2022
Etilaatroz.com,4.5,24/05/2022
8am.af,2.4,24/05/2022
Helms.edu.af,25,24/05/2022
Telegram.org,3.53,24/05/2022
Ecer.com,1.7,24/05/2022
Movie.af,5.4,24/05/2022
Tolonews.com,3.6,24/05/2022
Udemy.com,7.75,24/05/2022
Github.com,6.42,24/05/2022
Twitter.com,10.5,24/05/2022
Jobs.af,2.5,24/05/2022
Azadiradio.com,3.6,24/05/2022
Live.com,5.47,24/05/2022
T.me,1.55,24/05/2022
Varzesh3.com,4.94,24/05/2022
Inolitix-dev.azurewebsites.net,7.1,23/05/2022
Nsia.gov.af,2.4,23/05/2022
Idroidzone.com,9.2,23/05/2022
Turkiyeburslari.gov.tr,10,23/05/2022
Visualstudio.com,3.35,23/05/2022
Intuit.com,6.03,23/05/2022
Instagram.com,9.9,23/05/2022
Nadra.gov.pk,6.6,23/05/2022
Zendesk.com,7.51,23/05/2022
Namnak.com,1.7,23/05/2022
Tanbali.com,6.6,05/07/2022
Apple.com,3.87,06/07/2022
Chekad.tv,8.1,07/07/2022
Itv.world,17,08/07/2022
Beytoote.com,1.6,09/07/2022
Savefrom.net,1.41,10/07/2022
Medium.com,2.09,11/07/2022
Iarcsc.gov.af,3,12/07/2022
Ariananews.af,3.6,13/07/2022
Gjirafa.com,5.5,14/07/2022
Gazetaexpress.com,4.5,15/07/2022
Panorama.com.al,5,16/07/2022
Syri.net,3.5,17/07/2022
Balkanweb.com,4,18/07/2022
Dailyxing.com,1.9,19/07/2022
Classlifestyle.com,1.5,20/07/2022
Tvklan.al,2.7,21/07/2022
Abcnews.al,9,22/07/2022
Bongacams.com,1.58,23/07/2022
Anabelmagazine.com,2.4,24/07/2022
Klankosova.tv,2.3,25/07/2022
Lajmi.net,4,26/07/2022
Filma24.ai,5.75,27/07/2022
Adrianet.al,1.8,28/07/2022
Albeu.com,3.5,29/07/2022
The-living-media.com,1.6,30/07/2022
Faxweb.al,2.9,31/07/2022
Netflix.com,3.26,01/08/2022
Kallxo.com,2,02/08/2022
Aliexpress.com,8.53,03/08/2022
Telegrafi.com,4.81,04/08/2022
Noa.al,21,05/08/2022
Top-channel.tv,4.27,06/08/2022
Reddit.com,4.51,07/08/2022
Gjirafa50.com,10,08/08/2022
Merrjep.al,20,09/08/2022
Myshopify.com,13.92,10/08/2022
Shqiptarja.com,4.3,11/08/2022
Kosovajob.com,3.9,12/08/2022
Insajderi.com,1.7,13/08/2022
Adobe.com,3.42,14/08/2022
E-albania.al,4.6,15/08/2022
Google.al,9.7,16/08/2022
Twitch.tv,3.74,17/08/2022
Oranews.tv,5.8,18/08/2022
Whatsapp.com,1.21,19/08/2022
Indeksonline.net,3.5,20/08/2022
Wetransfer.com,1.64,21/08/2022
Njoftime.com,14,22/08/2022
Ouedkniss.com,9.3,23/08/2022
Google.dz,6.86,24/08/2022
Ennaharonline.com,2.99,25/08/2022
Google.fr,4.42,26/08/2022
Ency-education.com,8.92,27/08/2022
Echoroukonline.com,2.57,28/08/2022
Elbilad.net,2.1,29/08/2022
Dzexams.com,8.66,30/08/2022
Elkhabar.com,2.43,31/08/2022
Mediafire.com,2.5,01/09/2022
Algerie360.com,1.8,02/09/2022
Mesrs.dz,4.66,03/09/2022
Xhamster3.com,11.7,04/09/2022
Blogger.com,7.79,05/09/2022
Poste.dz,4.18,06/09/2022
Kooora.com,1.05,07/09/2022
Alwafd.news,1.71,08/09/2022
Djelfa.info,2.45,09/09/2022
Mawdoo3.com,1.79,10/09/2022
Videocampaign.co,1.34,11/09/2022
Iqbroker.com,1.1,12/09/2022
Youm7.com,4.39,13/09/2022
Esheeq.co,3.51,14/09/2022
Education.gov.dz,8.74,15/09/2022
Bing.com,2.63,16/09/2022
Redbubble.com,8.2,17/09/2022
Eddirasa.com,2.56,18/09/2022
Dailymotion.com,2.78,19/09/2022
Cima4u.io,6.44,20/09/2022
Ebay.com,7.87,21/09/2022
Arabi21.com,2.9,22/09/2022
Amazon.fr,6.3,23/09/2022
Freepik.com,6.98,24/09/2022
Google.com.ar,6.16,25/09/2022
Mercadolibre.com.ar,12.6,26/09/2022
Afip.gob.ar,10.9,27/09/2022
Infobae.com,2.91,28/09/2022
Clarin.com,1.9,29/09/2022
Redlink.com.ar,3.23,30/09/2022
Elintransigente.com,1.9,01/10/2022
Lanacion.com.ar,2.32,02/10/2022
Mercadopago.com.ar,5.71,03/10/2022
Argentina.gob.ar,2.97,04/10/2022
Ole.com.ar,2.27,05/10/2022
Santander.com.ar,4.5,06/10/2022
Zoom.us,3.86,07/10/2022
Bancogalicia.com.ar,9.76,08/10/2022
Ellitoral.com,2.3,09/10/2022
Bbva.com.ar,5.88,10/10/2022
Daum.net,9.69,11/10/2022
Pagina12.com.ar,2,12/10/2022
Diariopanorama.com,2.5,13/10/2022
Naver.com,11.3,14/10/2022
Mercadolibre.com,4.1,15/10/2022
Bancainternet.com.ar,5.11,16/10/2022
Bna.com.ar,1.71,17/10/2022
Anses.gob.ar,4.38,18/10/2022
Perfil.com,2.51,19/10/2022
Office.com,9.93,20/10/2022
Xvideos.com,9.93,21/10/2022
Msn.com,2.76,22/10/2022
Futbollibre.online,2.86,23/10/2022
Spotify.com,4.74,24/10/2022
Tistory.com,4.27,25/10/2022
Ambito.com,2,26/10/2022
List.am,16.3,27/10/2022
Ok.ru,2.37,28/10/2022
Google.ru,4.48,29/10/2022
Mail.ru,2.77,30/10/2022
News.am,4.21,31/10/2022
Yandex.ru,3.86,01/11/2022
Google.am,4.8,02/11/2022
Emis.am,9.01,03/11/2022
Vk.com,3.79,04/11/2022
Vivarobet.am,4,05/11/2022
Totogaming.am,5.5,06/11/2022
Mamul.am,3.4,07/11/2022
Merojax.tv,4.2,08/11/2022
Friv.com,4.06,09/11/2022
Vseigru.net,10.4,10/11/2022
Adjarabet.am,1.7,11/11/2022
1in.am,3.7,12/11/2022
Ivi.ru,2.64,13/11/2022
Aliexpress.ru,6.51,14/11/2022
Inecobank.am,4.8,15/11/2022
Armfilm.co,3.3,16/11/2022
Rate.am,1.4,17/11/2022
168.am,2.4,18/11/2022
Rezka.ag,3.31,19/11/2022
Tert.am,3.8,20/11/2022
Blognews.am,3.2,21/11/2022
Chaturbate.com,8.31,22/11/2022
Ysu.am,3.1,23/11/2022
Kickstarter.com,3.56,24/11/2022
Auto.am,6.9,25/11/2022
1lurer.am,23,26/11/2022
Wildberries.am,11,27/11/2022
Shamshyan.com,2.8,28/11/2022
Globbing.com,4.9,29/11/2022
Google.com.au,9.4,30/11/2022
Ebay.com.au,7.56,01/12/2022
Amazon.com.au,7.03,02/12/2022
Realestate.com.au,7.7,03/12/2022
Commbank.com.au,5.31,04/12/2022
News.com.au,3.46,05/12/2022
Seek.com.au,8.67,06/12/2022
Abc.net.au,2.18,07/12/2022
Microsoftonline.com,1.87,08/12/2022
Gumtree.com.au,6.77,09/12/2022
Nsw.gov.au,4.35,10/12/2022
Westpac.com.au,4.95,11/12/2022
Nab.com.au,7.38,12/12/2022
Alibaba.com,8.99,13/12/2022
My.gov.au,3.51,14/12/2022
Anz.com,7.45,15/12/2022
Auspost.com.au,4.76,16/12/2022
Xero.com,8.76,17/12/2022
Ato.gov.au,6.08,18/12/2022
Linkedin.com,8.42,19/12/2022
Domain.com.au,4.96,20/12/2022
Dropbox.com,3.97,21/12/2022
Coinspot.com.au,8.71,22/12/2022
Commsec.com.au,6.31,23/12/2022
Carsales.com.au,7.32,24/12/2022
Bom.gov.au,2.9,25/12/2022
Tradingview.com,3.35,26/12/2022
Bunnings.com.au,3.98,27/12/2022
Amazonaws.com,2.33,28/12/2022
Google.at,3.29,29/12/2022
Amazon.de,6.6,30/12/2022
Willhaben.at,5.3,31/12/2022
Orf.at,2.8,01/01/2014
Gmx.net,3.77,02/01/2014
Derstandard.at,2.3,03/01/2014
Sparkasse.at,4.1,04/01/2014
Gmx.at,2.2,05/01/2014
Krone.at,2.7,06/01/2014
Univie.ac.at,5.1,07/01/2014
Booksusi.com,3,08/01/2014
Bmf.gv.at,6.8,09/01/2014
Raiffeisen.at,5,10/01/2014
Win2day.at,2.9,11/01/2014
Tuwien.ac.at,4.7,12/01/2014
E-ams.at,4.7,13/01/2014
Livejasmin.com,1.79,14/01/2014
Pornhub.com,3.32,15/01/2014
Unzensuriert.at,2.9,16/01/2014
Bawagpsk.com,3.4,17/01/2014
Google.de,3.78,18/01/2014
Chip.de,2.03,19/01/2014
Post.at,3.2,20/01/2014
Padlet.com,2.36,21/01/2014
Uncut-news.ch,2.1,22/01/2014
Ebay.at,3.4,23/01/2014
Duckduckgo.com,1.11,24/01/2014
Fandom.com,3.37,25/01/2014
Redd.it,2.09,26/01/2014
Rt.com,2.58,27/01/2014
Bet365.com,1.82,28/01/2014
Geizhals.at,2.6,29/01/2014
Mjam.net,3.6,30/01/2014
Google.az,5.12,31/01/2014
Tap.az,9.78,01/02/2014
Turbo.az,10.6,02/02/2014
Oxu.az,5.9,03/02/2014
Kapitalbank.az,3.17,04/02/2014
E-taxes.gov.az,5.95,05/02/2014
Trendyol.com,11.7,06/02/2014
Virtual.edu.az,1.12,07/02/2014
Qafqazinfo.az,4.51,08/02/2014
E-derslik.edu.az,3.29,09/02/2014
Haqqin.az,5.19,10/02/2014
Azertag.az,4.64,11/02/2014
Amazon.co.jp,9.73,12/02/2014
E-gov.az,5.57,13/02/2014
Nicovideo.jp,9.44,14/02/2014
Google.co.jp,12.5,15/02/2014
Algoritmika.az,3.2,16/02/2014
Yahoo.co.jp,8.98,17/02/2014
Yenicag.az,4.3,18/02/2014
Kontakt.az,4.8,19/02/2014
Bina.az,10,20/02/2014
Big.az,6.8,21/02/2014
My.gov.az,2.96,22/02/2014
Musavat.com,4.47,23/02/2014
Report.az,5.25,24/02/2014
Apa.az,16,25/02/2014
Unec.edu.az,5.9,26/02/2014
Hesab.az,4.9,27/02/2014
Anl.az,3,28/02/2014
Axar.az,5,01/03/2014
Luckyforbet.com,1.5,02/03/2014
Lalafo.az,4.5,03/03/2014
Milli.az,3.5,04/03/2014
Roblox.com,8.89,05/03/2014
Lotterypost.com,2.2,06/03/2014
1on1lms.com,9.3,07/03/2014
Walmart.com,5.05,08/03/2014
Cnn.com,2.44,09/03/2014
Go.com,2.06,10/03/2014
Alrahming.com,15,11/03/2014
Eagleproweb.com,5,12/03/2014
Google.bs,3.6,13/03/2014
Shein.com,8.75,14/03/2014
Playmas.today,10,15/03/2014
Ugottahost.com,7.7,16/03/2014
Divinepraises.org,2.2,17/03/2014
Tribune242.com,2.2,18/03/2014
Biblegateway.com,1.45,19/03/2014
Expedia.com,3.18,20/03/2014
Combankltd.com,4,21/03/2014
Ncrease.com,6.8,22/03/2014
Archive.org,6.81,23/03/2014
Ai.marketing,3.32,24/03/2014
Plusportals.com,3,25/03/2014
Wordpress.com,2.57,26/03/2014
Cnbc.com,1.72,27/03/2014
Lukayans.com,4.7,28/03/2014
Google.com.bh,4.63,29/03/2014
Edunet.bh,8.28,30/03/2014
Bahrain.bh,5.9,31/03/2014
Manoramaonline.com,5.92,01/04/2014
Alayam.com,2.2,02/04/2014
Alwatannews.net,1.6,03/04/2014
Lmra.gov.bh,11,04/04/2014
Mathrubhumi.com,4.29,05/04/2014
Lmra.bh,2.3,06/04/2014
Uob.edu.bh,4.3,07/04/2014
Chess.com,9.48,08/04/2014
Moebh-my.sharepoint.com,2.2,09/04/2014
Etoro.com,6.77,10/04/2014
Benefit-gateway.bh,2.2,11/04/2014
Sijilat.bh,2.4,12/04/2014
Olx.com.bh,7.3,13/04/2014
Imdb.com,4.87,14/04/2014
Ekey.bh,2.3,15/04/2014
Gdnonline.com,2.1,16/04/2014
Dspultra.com,2.01,17/04/2014
Propertyfinder.bh,6.3,18/04/2014
Expatriates.com,7.06,19/04/2014
S1-n.com,1.1,20/04/2014
Prothomalo.com,3.94,21/04/2014
Somoynews.tv,4.43,22/04/2014
Jagonews24.com,6.44,23/04/2014
Kalerkantho.com,3.63,24/04/2014
Bdnews24.com,3.13,25/04/2014
Bd-pratidin.com,5.31,26/04/2014
Google.com.bd,9.66,27/04/2014
Jugantor.com,3.94,28/04/2014
Banglanews24.com,4.16,29/04/2014
Daraz.com.bd,7.98,30/04/2014
Teletalk.com.bd,6.63,01/05/2014
Ittefaq.com.bd,3.93,02/05/2014
Bdjobs.com,5.02,03/05/2014
Rtvonline.com,9.29,04/05/2014
Thedailystar.net,2.6,05/05/2014
Fiverr.com,7.29,06/05/2014
Banglatribune.com,3.38,07/05/2014
Startech.com.bd,4.1,08/05/2014
Risingbd.com,5.79,09/05/2014
Dainikshiksha.com,2.43,10/05/2014
Cricbuzz.com,4.4,11/05/2014
Samakal.com,3.15,12/05/2014
Evaly.com.bd,7.6,13/05/2014
Bikroy.com,8.9,14/05/2014
Priyo.com,3.1,15/05/2014
Espncricinfo.com,3.77,16/05/2014
Ntvbd.com,3.24,17/05/2014
Portal.gov.bd,1.85,18/05/2014
Dsebd.org,4.15,19/05/2014
Daily-bangladesh.com,10.9,20/05/2014
Fast.com,1.01,21/05/2014
Anandabazar.com,4.56,22/05/2014
Nationnews.com,4.2,23/05/2014
Barbadostoday.bb,2.1,24/05/2014
Uwi.edu,7.5,25/05/2014
Newsmemory.com,1.4,26/05/2014
Dailymail.co.uk,2.05,27/05/2014
Gisbarbados.gov.bb,2.1,28/05/2014
Caribbeanjobsonline.com,6,29/05/2014
Emailsrvr.com,4.15,30/05/2014
Tumblr.com,3.76,31/05/2014
Reuters.com,1.83,01/06/2014
Bbc.co.uk,3.41,02/06/2014
Jw.org,7.11,03/06/2014
Fedex.com,2.55,04/06/2014
Espn.com,4.15,05/06/2014
News784.com,2.3,06/06/2014
Firstcaribbeanbank.com,2.5,07/06/2014
Audible.com,4.05,08/06/2014
Thro.bz,12,09/06/2014
Monster.com,2.05,10/06/2014
Camgirlvideos.org,8.9,11/06/2014
Storeleads.app,23.7,12/06/2014
Intacct.com,4.2,13/06/2014
Tut.by,3.61,14/06/2014
Yandex.by,2.78,15/06/2014
Onliner.by,4.19,16/06/2014
Kufar.by,8.03,17/06/2014
Schools.by,5.3,18/06/2014
Asb.by,24.6,19/06/2014
Google.by,3.6,20/06/2014
Wildberries.ru,9.93,21/06/2014
Seasonvar.ru,2.19,22/06/2014
Av.by,6.74,23/06/2014
21vek.by,5.16,24/06/2014
Gismeteo.by,2.54,25/06/2014
Deal.by,3.07,26/06/2014
Rabota.by,6.6,27/06/2014
Filmix.co,2.88,28/06/2014
Kp.by,1.3,29/06/2014
Edu.by,2.87,30/06/2014
Baskino.me,2.27,01/07/2014
Talks.by,2.5,02/07/2014
Kinogo.biz,3.6,03/07/2014
Fb.ru,1.27,04/07/2014
Myfin.by,1.4,05/07/2014
Beltelecom.by,2.5,06/07/2014
Pm.by,2.1,07/07/2014
Bsu.by,3.08,08/07/2014
E-dostavka.by,11.4,09/07/2014
Rambler.ru,2.64,10/07/2014
Realt.by,8.1,11/07/2014
Jut.su,7.33,12/07/2014
Belapb.by,5.3,13/07/2014
Rutracker.org,2.61,14/07/2014
5element.by,3.8,15/07/2014
Belinvestbank.by,8.5,16/07/2014
Google.be,3.83,17/07/2014
Hln.be,2.8,18/07/2014
Vrt.be,2.1,19/07/2014
Smartschool.be,4.1,20/07/2014
Nieuwsblad.be,3.5,21/07/2014
Kuleuven.be,6,22/07/2014
Xhamster.com,9.52,23/07/2014
Standaard.be,2.7,24/07/2014
2dehands.be,4.2,25/07/2014
Bol.com,3.8,26/07/2014
Belgium.be,3,27/07/2014
Kogeka-my.sharepoint.com,2.5,28/07/2014
Rtbf.be,2.5,29/07/2014
Bnpparibasfortis.be,6,30/07/2014
Tweakers.net,3,31/07/2014
Telenet.be,2,01/08/2014
Proximus.be,2.9,02/08/2014
Fgov.be,3,03/08/2014
Vlaanderen.be,3.6,04/08/2014
Ulb.ac.be,4.8,05/08/2014
Knooppunt.net,2.9,06/08/2014
Bingel.be,9.2,07/08/2014
Office.net,1.04,08/08/2014
Bookwidgets.com,3.8,09/08/2014
Vagina.nl,4.6,10/08/2014
9gag.com,4.55,11/08/2014
Luxuretv.com,8.6,12/08/2014
Gva.be,2,13/08/2014
Google.com.bo,4.9,14/08/2014
Eldeber.com.bo,2.8,15/08/2014
Bancounion.com.bo,7.1,16/08/2014
Minedu.gob.bo,5.4,17/08/2014
Trabajopolis.bo,6.1,18/08/2014
Impuestos.gob.bo,8.7,19/08/2014
Lostiempos.com,2.6,20/08/2014
Paginasiete.bo,2.5,21/08/2014
Hotmart.com,5.08,22/08/2014
Scribd.com,2.27,23/08/2014
Opinion.com.bo,2.9,24/08/2014
Slideshare.net,2.21,25/08/2014
Pelisplus.me,4.28,26/08/2014
Usfx.bo,6.9,27/08/2014
Bnb.com.bo,7.7,28/08/2014
Umss.edu.bo,7.3,29/08/2014
Umsa.bo,3.9,30/08/2014
Sicoes.gob.bo,2.3,31/08/2014
Uajms.edu.bo,7.7,01/09/2014
Uagrm.edu.bo,5.7,02/09/2014
Tiktok.com,6.9,03/09/2014
Sie.gob.bo,8.2,04/09/2014
Unitel.bo,2.1,05/09/2014
Bmsc.com.bo,3.1,06/09/2014
La-razon.com,2,07/09/2014
Google.es,3.5,08/09/2014
Y2mate.com,3.6,09/09/2014
Avaz.ba,5.28,10/09/2014
Klix.ba,4.73,11/09/2014
Olx.ba,9.36,12/09/2014
Google.ba,3.45,13/09/2014
Hercegovina.info,2.2,14/09/2014
Expresstabloid.ba,1.6,15/09/2014
Index.hr,3.35,16/09/2014
Nezavisne.com,5.8,17/09/2014
Rezultati.com,12.9,18/09/2014
Radiosarajevo.ba,4,19/09/2014
Cazin.net,12,20/09/2014
Jutarnji.hr,2.9,21/09/2014
Azra.ba,1.3,22/09/2014
Hdsaprevodom.com,4.1,23/09/2014
Bljesak.info,4.2,24/09/2014
Oslobodjenje.ba,3,25/09/2014
Rtvbn.com,4.5,26/09/2014
B92.net,3.8,27/09/2014
Slobodna-bosna.ba,6.5,28/09/2014
Krajina.ba,20,29/09/2014
Dnevnik.hr,2.7,30/09/2014
6yka.com,3.2,01/10/2014
Raiffeisenbank.ba,4.5,02/10/2014
Filmoviplex.com,6,03/10/2014
Srpskainfo.com,3.5,04/10/2014
Premier-kladionica.com,3.5,05/10/2014
Kurir.rs,4.51,06/10/2014
N1info.com,2.21,07/10/2014
Google.com.br,4.04,08/10/2014
Globo.com,2.9,09/10/2014
Uol.com.br,2.76,10/10/2014
Mercadolivre.com.br,6.76,11/10/2014
Reclameaqui.com.br,2,12/10/2014
Campograndenews.com.br,1,13/10/2014
Otvfoco.com.br,2.5,14/10/2014
Caixa.gov.br,4,15/10/2014
Olx.com.br,6.9,16/10/2014
Amazon.com.br,5.06,17/10/2014
Americanas.com.br,2.93,18/10/2014
Fazenda.gov.br,5.3,19/10/2014
Www.gov.br,2.4,20/10/2014
Bb.com.br,3.7,21/10/2014
Correios.com.br,2.6,22/10/2014
Noticias.uol.com.br,1.6,23/10/2014
Magazineluiza.com.br,3.1,24/10/2014
Terra.com.br,2.1,25/10/2014
Thestartmagazine.com,3.1,26/10/2014
123milhas.com,2.7,27/10/2014
Itau.com.br,3.4,28/10/2014
Educacao.mg.gov.br,4.5,29/10/2014
Folha.uol.com.br,1.4,30/10/2014
Techtudo.com.br,1.3,31/10/2014
Ig.com.br,2.7,01/11/2014
Brainly.com.br,5.6,02/11/2014
Inss.gov.br,3.4,03/11/2014
Inep.gov.br,3.3,04/11/2014
Ilovepdf.com,3.82,05/11/2014
Primevideo.com,3.13,06/11/2014
Google.bg,3.24,07/11/2014
Abv.bg,2.7,08/11/2014
Zamunda.net,3.89,09/11/2014
Sinoptik.bg,2.3,10/11/2014
Olx.bg,6,11/11/2014
Nova.bg,2.4,12/11/2014
Shkolo.bg,6.2,13/11/2014
Vbox7.com,1.7,14/11/2014
Vesti.bg,2.8,15/11/2014
Winbet.bg,1.3,16/11/2014
Mobile.bg,1.6,17/11/2014
Bazar.bg,4.2,18/11/2014
Emag.bg,3.9,19/11/2014
Filmisub.com,3.2,20/11/2014
Alo.bg,5.5,21/11/2014
Palmsbet.com,1.6,22/11/2014
Afera.bg,5.3,23/11/2014
Bg-mamma.com,1.4,24/11/2014
Efbet.com,3.7,25/11/2014
Petel.bg,5.5,26/11/2014
Zelka.org,5.2,27/11/2014
Segabg.com,4.9,28/11/2014
Op.gg,4.42,29/11/2014
Flagman.bg,6.4,30/11/2014
Nssi.bg,4.6,01/12/2014
Svobodnoslovo.eu,13,02/12/2014
Gotvach.bg,2.5,03/12/2014
Futbol24.com,6.8,04/12/2014
Dir.bg,2.3,05/12/2014
Arenabg.com,2,06/12/2014
Fibank.bg,3.3,07/12/2014
Khmerload.com,2.9,08/12/2014
Popular.com.kh,2.6,09/12/2014
Kohsantepheapdaily.com.kh,1.6,10/12/2014
Sabay.com.kh,4.12,11/12/2014
Business-cambodia.com,3.3,12/12/2014
Todaysharing.com,15,13/12/2014
Google.co.id,4.96,14/12/2014
Google.com.kh,5.61,15/12/2014
Klikbca.com,3.74,16/12/2014
Khmernote.com.kh,4.5,17/12/2014
Kampucheathmey.com,4.1,18/12/2014
Bri.co.id,3.45,19/12/2014
Bni.co.id,6.31,20/12/2014
Khmer24.com,7.9,21/12/2014
Livechatinc.com,15.1,22/12/2014
Freshnewsasia.com,4.6,23/12/2014
Kbn.news,1.8,24/12/2014
Idns889.com,15,25/12/2014
Suksesbogil.com,9.5,26/12/2014
Bloo.io,20,27/12/2014
Livescore.com,2.93,28/12/2014
Idn889.com,12,29/12/2014
Ababank.com,4.2,30/12/2014
Thmeyload.com,10,31/12/2014
Skype.com,2.7,01/01/2015
Google.cm,4.4,02/01/2015
Deepl.com,9.42,03/01/2015
Cm1xbet.com,1.7,04/01/2015
Cameroon-info.net,2.9,05/01/2015
Teledeclaration-dgi.cm,4,06/01/2015
Researchgate.net,2.15,07/01/2015
Actucameroun.com,5.3,08/01/2015
Jobinfocamer.com,16,09/01/2015
Camerounweb.com,10,10/01/2015
Premierbet.cm,1.9,11/01/2015
Nih.gov,3.19,12/01/2015
Cnps.cm,5.3,13/01/2015
Reverso.net,3.53,14/01/2015
Twoo.com,9.6,15/01/2015
Flashscore.fr,7.5,16/01/2015
Torrent9.to,7.5,17/01/2015
Commentcamarche.net,1.9,18/01/2015
Clubic.com,2.6,19/01/2015
1xbet.cm,9,20/01/2015
Liyeplimal.net,4.6,21/01/2015
Dgi.cm,6.6,22/01/2015
Googlevideo.com,2.76,23/01/2015
Torrent9.so,6.7,24/01/2015
Mail.com,4.08,25/01/2015
Myxtremnet.cm,4.4,26/01/2015
Openclassrooms.com,3.4,27/01/2015
Amazon.ca,8.15,28/01/2015
Google.ca,8.47,29/01/2015
Td.com,6.87,30/01/2015
Canada.ca,3.56,31/01/2015
Royalbank.com,6.65,01/02/2015
Kijiji.ca,7.3,02/02/2015
Rbcroyalbank.com,2.38,03/02/2015
Indeed.com,4.9,04/02/2015
Narcity.com,1.5,05/02/2015
Scotiabank.com,6.1,06/02/2015
Cra-arc.gc.ca,9.99,07/02/2015
Cibc.com,6.11,08/02/2015
Etsy.com,7.88,09/02/2015
Cbc.ca,1.79,10/02/2015
Imgur.com,2.71,11/02/2015
Walmart.ca,4.34,12/02/2015
Realtor.ca,23.4,13/02/2015
Bmo.com,6.28,14/02/2015
Bestbuy.ca,4.97,15/02/2015
Ebay.ca,5.87,16/02/2015
Questrade.com,8.34,17/02/2015
Canadapost.ca,3,18/02/2015
Biobiochile.cl,2.6,19/02/2015
Google.cl,7.23,20/02/2015
Lun.com,2.4,21/02/2015
Bancoestado.cl,6.26,22/02/2015
Mercadolibre.cl,10.4,23/02/2015
Sii.cl,9.95,24/02/2015
Transbank.cl,5.76,25/02/2015
Bancochile.cl,5.84,26/02/2015
Falabella.com,5.16,27/02/2015
Santander.cl,2.72,28/02/2015
Claveunica.gob.cl,1.63,01/03/2015
Emol.com,3.02,02/03/2015
Comisariavirtual.cl,2.8,03/03/2015
Yapo.cl,7.13,04/03/2015
Bci.cl,4.9,05/03/2015
Interior.gob.cl,4.6,06/03/2015
Ripley.cl,4.88,07/03/2015
Sodimac.cl,4.5,08/03/2015
Paris.cl,4.77,09/03/2015
Latercera.com,1.77,10/03/2015
Bancofalabella.cl,3.3,11/03/2015
Linio.cl,12,12/03/2015
Portalinmobiliario.com,11,13/03/2015
Servipag.com,5.5,14/03/2015
Itau.cl,7.4,15/03/2015
Bsale.cl,8.9,16/03/2015
Disneyplus.com,4.23,17/03/2015
Scotiabank.cl,5.6,18/03/2015
Tmall.com,3.93,19/03/2015
Baidu.com,4.76,20/03/2015
Qq.com,3.97,21/03/2015
Sohu.com,4.57,22/03/2015
Taobao.com,3.57,23/03/2015
360.cn,4.18,24/03/2015
Jd.com,4.39,25/03/2015
Weibo.com,3.59,26/03/2015
Sina.com.cn,3.39,27/03/2015
Xinhuanet.com,5.6,28/03/2015
Panda.tv,5.28,29/03/2015
Zhanqi.tv,5.35,30/03/2015
Alipay.com,3.19,31/03/2015
Csdn.net,4.93,01/04/2015
Google.com.hk,5.26,02/04/2015
Huanqiu.com,5.22,03/04/2015
Yy.com,5.17,04/04/2015
Tianya.cn,5.07,05/04/2015
17ok.com,3.95,06/04/2015
So.com,3.37,07/04/2015
Haosou.com,14.3,08/04/2015
Cnblogs.com,3.68,09/04/2015
Babytree.com,5.03,10/04/2015
1688.com,9.12,11/04/2015
163.com,5.36,12/04/2015
Hao123.com,2.24,13/04/2015
Gome.com.cn,3.91,14/04/2015
Sogou.com,1.88,15/04/2015
6.cn,3.61,16/04/2015
Zhihu.com,4.46,17/04/2015
Bilibili.com,8.2,18/04/2015
Rednet.cn,3.89,19/04/2015
Google.cn,5.29,20/04/2015
Cnzz.com,6.84,21/04/2015
Aliyun.com,10.5,22/04/2015
Soso.com,3.6,23/04/2015
51sole.com,5.12,24/04/2015
51.la,3.81,25/04/2015
Iqiyi.com,4.56,26/04/2015
Tudou.com,6.79,27/04/2015
360.com,4.02,28/04/2015
Cnnic.cn,3.88,29/04/2015
Zol.com.cn,3.38,30/04/2015
Sonhoo.com,3.92,01/05/2015
51yes.com,6.73,02/05/2015
Efu.com.cn,5.07,03/05/2015
Sq.cn,4.08,04/05/2015
Wplay.co,3.07,05/05/2015
Google.com.co,4.44,06/05/2015
Pulzo.com,2.1,07/05/2015
Mercadolibre.com.co,10.2,08/05/2015
Mileroticos.com,14,09/05/2015
Las2orillas.co,2.5,10/05/2015
Eltiempo.com,1.88,11/05/2015
Todo1.com,11.7,12/05/2015
Davivienda.com,8.35,13/05/2015
Pse.com.co,1.18,14/05/2015
Grupobancolombia.com,1.68,15/05/2015
Minuto30.com,15,16/05/2015
Eshkol.io,1,17/05/2015
Payulatam.com,4.1,18/05/2015
Dian.gov.co,6.29,19/05/2015
Claro.com.co,3.09,20/05/2015
Computrabajo.com.co,8.17,21/05/2015
Transaccionesbancolombia.com,7.8,22/05/2015
Homecenter.com.co,5.06,23/05/2015
Semana.com,1.52,24/05/2015
Elespectador.com,1.63,25/05/2015
Crhoy.com,2.9,26/05/2015
Repretel.com,5.9,27/05/2015
Ncrnoticias.com,1.6,28/05/2015
Encuentra24.com,9.14,29/05/2015
Sucursalelectronica.com,6.05,30/05/2015
Bnonline.fi.cr,8.6,31/05/2015
Bncr.fi.cr,2.3,01/06/2015
Elmundo.cr,1.6,02/06/2015
Google.co.cr,5.6,03/06/2015
Teletica.com,12,04/06/2015
Nacion.com,1.9,05/06/2015
Bancobcr.com,2.2,06/06/2015
Hacienda.go.cr,5.7,07/06/2015
Baccredomatic.com,1.5,08/06/2015
Scotiabank.fi.cr,4.8,09/06/2015
Delfino.cr,1.2,10/06/2015
Observador.cr,1.7,11/06/2015
Larepublica.net,2,12/06/2015
Diarioextra.com,2.1,13/06/2015
Noticiascostarica.com,6.8,14/06/2015
Ccss.sa.cr,5.3,15/06/2015
Facturaelectronica.cr,7.6,16/06/2015
Rnpdigital.com,5.6,17/06/2015
Jumia.ci,6.7,18/06/2015
Abidjan.net,1.6,19/06/2015
Google.ci,4.2,20/06/2015
Fonctionpublique.gouv.ci,3.9,21/06/2015
Educarriere.ci,5.1,22/06/2015
Koaci.com,2.9,23/06/2015
Petronpay.com,4,24/06/2015
Sigfne.net,4.3,25/06/2015
Ecolemedia.net,8.9,26/06/2015
Drheducationci.org,8.8,27/06/2015
Orange.ci,2.6,28/06/2015
Canalplus-afrique.com,1.9,29/06/2015
Boxsecured.com,7.9,30/06/2015
Matchendirect.fr,4.7,01/07/2015
Men-deco.org,3.9,02/07/2015
Men-dpes.org,1.3,03/07/2015
E-impots.gouv.ci,11,04/07/2015
Cnps.ci,6.3,05/07/2015
Linternaute.fr,1.3,06/07/2015
Fratmat.info,1.8,07/07/2015
01net.com,2.6,08/07/2015
Ivoirematin.com,1.3,09/07/2015
Linfodrome.com,2,10/07/2015
Crowd1.com,5.2,11/07/2015
Google.hr,3.51,12/07/2015
Net.hr,2.8,13/07/2015
Pevex.hr,4.9,14/07/2015
24sata.hr,1.7,15/07/2015
Skole.hr,10,16/07/2015
Narod.hr,3,17/07/2015
Njuskalo.hr,6.3,18/07/2015
Tportal.hr,3.1,19/07/2015
Aaiedu.hr,1.4,20/07/2015
Vecernji.hr,2.3,21/07/2015
Gov.hr,4.6,22/07/2015
Rarbgmirror.org,7,23/07/2015
Unizg.hr,3.9,24/07/2015
Slobodnadalmacija.hr,3.4,25/07/2015
Carnet.hr,5.2,26/07/2015
Foi.hr,10,27/07/2015
Zaba.hr,2.5,28/07/2015
Hrvatskitelekom.hr,2.3,29/07/2015
Lutrija.hr,5.6,30/07/2015
Geek.hr,7,31/07/2015
Maxportal.hr,4.4,01/08/2015
Gogoanimes.tv,5.2,02/08/2015
Mojtv.hr,1.9,03/08/2015
Torn.com,11,04/08/2015
Psk.hr,1.4,05/08/2015
1337x.to,7.16,06/08/2015
Seznam.cz,1.62,07/08/2015
Novinky.cz,2.22,08/08/2015
Google.cz,2.24,09/08/2015
Idnes.cz,3.28,10/08/2015
Seznamzpravy.cz,1.8,11/08/2015
Csfd.cz,3.9,12/08/2015
Super.cz,2.5,13/08/2015
Alza.cz,4.5,14/08/2015
Aktualne.cz,2.3,15/08/2015
Ceskatelevize.cz,2.7,16/08/2015
Heureka.cz,3,17/08/2015
Bazos.cz,7,18/08/2015
Iprima.cz,2.2,19/08/2015
Sport.cz,2.1,20/08/2015
Czc.cz,4.5,21/08/2015
Uloz.to,2.9,22/08/2015
Szn.cz,1.2,23/08/2015
Mapy.cz,1.1,24/08/2015
Csas.cz,3.8,25/08/2015
Email.cz,2,26/08/2015
Televizeseznam.cz,1.2,27/08/2015
Centrum.cz,1.6,28/08/2015
Zive.cz,2.1,29/08/2015
Titulky.com,2.7,30/08/2015
Tiscali.cz,3.4,31/08/2015
Csob.cz,3.5,01/09/2015
In-pocasi.cz,1.7,02/09/2015
Sbazar.cz,1.8,03/09/2015
Cuni.cz,3.7,04/09/2015
Google.dk,1.94,05/09/2015
Dr.dk,2.3,06/09/2015
Trustpilot.com,3.75,07/09/2015
Ekstrabladet.dk,4.5,08/09/2015
Tv2.dk,2.6,09/09/2015
Bt.dk,4.5,10/09/2015
Ku.dk,6,11/09/2015
E-boks.dk,3,12/09/2015
Gamepedia.com,4.05,13/09/2015
Nemlog-in.dk,1.3,14/09/2015
Dba.dk,4.8,15/09/2015
Wowhead.com,4.68,16/09/2015
Jobnet.dk,4.2,17/09/2015
Unilogin.dk,4.1,18/09/2015
Wayf.dk,1.5,19/09/2015
Au.dk,3.4,20/09/2015
Nordnet.dk,5.5,21/09/2015
Lectio.dk,3.8,22/09/2015
Viaplay.dk,1.5,23/09/2015
E-boks.com,1.2,24/09/2015
Hltv.org,3.82,25/09/2015
Itslearning.com,3.65,26/09/2015
Pricerunner.dk,1.5,27/09/2015
T.co,1.85,28/09/2015
Politiken.dk,3.1,29/09/2015
Icy-veins.com,2.87,30/09/2015
Elgiganten.dk,3.4,01/10/2015
Just-eat.dk,5.5,02/10/2015
Listindiario.com,3.89,03/10/2015
Diariolibre.com,3.26,04/10/2015
Google.com.do,6.73,05/10/2015
Hoy.com.do,2.7,06/10/2015
Bpd.com.do,1.81,07/10/2015
Elcaribe.com.do,2.7,08/10/2015
Popularenlinea.com,1.52,09/10/2015
Dgii.gov.do,4.7,10/10/2015
Banreservas.com.do,2.3,11/10/2015
Bhdleon.com.do,6.4,12/10/2015
Remolacha.net,3.3,13/10/2015
Nicsorts-accarade.com,1.57,14/10/2015
Corotos.com.do,8.3,15/10/2015
Elnuevodiario.com.do,2.6,16/10/2015
Animeflv.net,5.38,17/10/2015
Mp3teca.com,5.6,18/10/2015
Noticiassin.com,1.8,19/10/2015
Iplus.com.do,2.8,20/10/2015
Banreservas.com,1.3,21/10/2015
Supercarros.com,10,22/10/2015
Ouo.io,4.66,23/10/2015
Eldia.com.do,3.7,24/10/2015
Cinecalidad.is,4.98,25/10/2015
Elcomercio.com,1.66,26/10/2015
Eluniverso.com,2.28,27/10/2015
Google.com.ec,6.71,28/10/2015
Ecuavisa.com,1.6,29/10/2015
Metroecuador.com.ec,1.7,30/10/2015
Teleamazonas.com,6.4,31/10/2015
Tctelevision.com,1.3,01/11/2015
Pichincha.com,5.67,02/11/2015
Sri.gob.ec,6.2,03/11/2015
Mercadolibre.com.ec,6.01,04/11/2015
Benditofutbol.com,1.4,05/11/2015
Futbolecuador.com,3.1,06/11/2015
Ecuagol.com,3.8,07/11/2015
Brainly.lat,2.91,08/11/2015
Vistazo.com,1.8,09/11/2015
Produbanco.com,8.6,10/11/2015
Iess.gob.ec,6.1,11/11/2015
Primicias.ec,5.7,12/11/2015
Ug.edu.ec,7.1,13/11/2015
Intermatico.com,5.3,14/11/2015
Registrocivil.gob.ec,3,15/11/2015
Udla.edu.ec,4.7,16/11/2015
Educacion.gob.ec,2.8,17/11/2015
Freepik.es,6.29,18/11/2015
Google.com.eg,6.82,19/11/2015
Albawabhnews.com,3.9,20/11/2015
Alnaharegypt.com,1.4,21/11/2015
Elbalad.news,3.73,22/11/2015
Elwatannews.com,2.52,23/11/2015
Elmogaz.com,3.4,24/11/2015
Cairo24.com,3.82,25/11/2015
Tahiamasr.com,1.6,26/11/2015
Souq.com,6.1,27/11/2015
Elfagr.com,2.9,28/11/2015
Dostor.org,3.27,29/11/2015
Elmostaqbal.com,9.8,30/11/2015
Khtahmar.com,2.4,01/12/2015
Akhbarelyom.com,2.11,02/12/2015
Alsbbora.info,6.4,03/12/2015
Te.eg,3.41,04/12/2015
Yallakora.com,3.5,05/12/2015
Olx.com.eg,10.2,06/12/2015
Xnxx.com,9.51,07/12/2015
Soundcloud.com,3.48,08/12/2015
Masrawy.com,3.34,09/12/2015
Elnabaa.net,1.7,10/12/2015
Filgoal.com,3.3,11/12/2015
Gomhuriaonline.com,3.3,12/12/2015
Copts-united.com,1.4,13/12/2015
Almalnews.com,2.13,14/12/2015
Elsalvador.com,2.5,15/12/2015
Laprensagrafica.com,5.5,16/12/2015
Google.com.sv,5.4,17/12/2015
Elblog.com,2.8,18/12/2015
Diario1.com,1.9,19/12/2015
Solonoticias.com,3.9,20/12/2015
Pcbac.com,5.1,21/12/2015
Mh.gob.sv,8.5,22/12/2015
Elmundo.sv,2.5,23/12/2015
Lapagina.com.sv,4.8,24/12/2015
Marca.com,3.09,25/12/2015
Pelisplushd.net,4.65,26/12/2015
Elgrafico.com,1.6,27/12/2015
Ues.edu.sv,4.9,28/12/2015
Elsalvadortimes.com,6.9,29/12/2015
Bancoagricola.com,1.3,30/12/2015
Searchsecurer.com,1.56,31/12/2015
Diarioelsalvador.com,2.6,01/01/2016
Siman.com,5.5,02/01/2016
Davivienda.com.sv,3.2,03/01/2016
Bancocuscatlan.com,4.7,04/01/2016
Mined.gob.sv,4.2,05/01/2016
Delfi.ee,3,06/01/2016
Postimees.ee,3.2,07/01/2016
Swedbank.ee,3.6,08/01/2016
Google.ee,2.5,09/01/2016
Err.ee,2.8,10/01/2016
Auto24.ee,8.8,11/01/2016
Harjuelu.ee,0,12/01/2016
Seb.ee,3.8,13/01/2016
Ekool.eu,3.9,14/01/2016
Neti.ee,1.9,15/01/2016
Lhv.ee,4.9,16/01/2016
Ohtuleht.ee,1.9,17/01/2016
Lenta.ru,2.6,18/01/2016
Ut.ee,5.6,19/01/2016
Online.ee,2.4,20/01/2016
Ope.ee,4.5,21/01/2016
Fishki.net,4.7,22/01/2016
Telia.ee,2,23/01/2016
Eki.ee,5.8,24/01/2016
Zone.ee,4.7,25/01/2016
Kv.ee,5.8,26/01/2016
Elu24.ee,1.9,27/01/2016
Opiq.ee,6.2,28/01/2016
Moodle.edu.ee,5.4,29/01/2016
Fotostrana.ru,4.35,30/01/2016
Seti.ee,2.5,31/01/2016
Olybet.ee,1.6,01/02/2016
Ethiojobs.net,8.4,02/02/2016
Google.com.et,4.1,03/02/2016
Sciencedirect.com,2.15,04/02/2016
Springer.com,1.72,05/02/2016
Softonic.com,2.72,06/02/2016
Aau.edu.et,3.6,07/02/2016
Elsevier.com,2.34,08/02/2016
Academia.edu,1.86,09/02/2016
Biomedcentral.com,1.51,10/02/2016
Wiley.com,2.36,11/02/2016
Jstor.org,1.9,12/02/2016
Ethiopianreporterjobs.com,7.8,13/02/2016
Down-free.com,1,14/02/2016
Hindawi.com,1.77,15/02/2016
Ju.edu.et,6.1,16/02/2016
Ethiopianairlines.com,7.8,17/02/2016
Filehorse.com,2.36,18/02/2016
Core.ac.uk,1.16,19/02/2016
Fao.org,1.85,20/02/2016
Coursera.org,7.13,21/02/2016
Geezjobs.com,30,22/02/2016
Who.int,1.77,23/02/2016
Sagepub.com,1.85,24/02/2016
Qefira.com,6.3,25/02/2016
Internet-start.net,1.8,26/02/2016
Google.fi,3.2,27/02/2016
Yle.fi,2.8,28/02/2016
Iltalehti.fi,1.3,29/02/2016
Op.fi,3.3,01/03/2016
Telewebion.com,3.57,02/03/2016
Tori.fi,5.5,03/03/2016
Suomi.fi,1.8,04/03/2016
Helsinki.fi,5.9,05/03/2016
Is.fi,1.3,06/03/2016
Inschool.fi,6.6,07/03/2016
Hs.fi,1.3,08/03/2016
Namasha.com,3.14,09/03/2016
Oikotie.fi,7.4,10/03/2016
Donya-e-eqtesad.com,2.25,11/03/2016
Filimo.com,6.46,12/03/2016
Elisa.fi,3,13/03/2016
Borna.news,1.42,14/03/2016
Ninisite.com,4.15,15/03/2016
Mtvuutiset.fi,3.9,16/03/2016
Ilmatieteenlaitos.fi,1,17/03/2016
S-pankki.fi,2.7,18/03/2016
Etuovi.com,5,19/03/2016
Veikkaus.fi,3.2,20/03/2016
Eghtesadnews.com,2.17,21/03/2016
Mehrnews.com,3.17,22/03/2016
Kela.fi,5.7,23/03/2016
Kworb.net,7.8,24/03/2016
Sanakirja.org,1.7,25/03/2016
Tejaratnews.com,2.02,26/03/2016
Orange.fr,4.59,27/03/2016
Leboncoin.fr,2.96,28/03/2016
Ebay.fr,8.74,29/03/2016
Free.fr,2.55,30/03/2016
Caf.fr,5.8,31/03/2016
Pole-emploi.fr,6.9,01/04/2016
Labanquepostale.fr,5.5,02/04/2016
Sfr.fr,2.7,03/04/2016
Cdiscount.com,4.51,04/04/2016
Credit-agricole.fr,4.4,05/04/2016
Doctolib.fr,5.8,06/04/2016
Ameli.fr,2.4,07/04/2016
Index-education.net,1.9,08/04/2016
Impots.gouv.fr,3.6,09/04/2016
Lefigaro.fr,2.26,10/04/2016
Lemonde.fr,1.8,11/04/2016
Mabanque.bnpparibas,5.2,12/04/2016
Ouest-france.fr,2.1,13/04/2016
Vidal.fr,1.8,14/04/2016
Caisse-epargne.fr,3.9,15/04/2016
Ecosia.org,1.39,16/04/2016
Adjaranet.com,1.9,17/04/2016
1tv.ge,3.7,18/04/2016
Google.ge,5.24,19/04/2016
Myauto.ge,12.6,20/04/2016
Imovies.cc,3.4,21/04/2016
Mymarket.ge,9.1,22/04/2016
Tbconline.ge,3.6,23/04/2016
Adjarabet.com,3,24/04/2016
Europebet.com,6.6,25/04/2016
Myvideo.ge,1.8,26/04/2016
Flashscore.com,11.4,27/04/2016
Crystalbet.com,5.2,28/04/2016
Ambebi.ge,1.6,29/04/2016
Amindi.ge,2.1,30/04/2016
Rs.ge,5.1,01/05/2016
Crocobet.com,5.5,02/05/2016
Movie.ge,2.3,03/05/2016
Interpressnews.ge,1.9,04/05/2016
Y8.com,5.12,05/05/2016
Betlive.com,8,06/05/2016
Ss.ge,17,07/05/2016
Mes.gov.ge,1.4,08/05/2016
Myhome.ge,10,09/05/2016
Palitravideo.ge,2.5,10/05/2016
Iliauni.edu.ge,7.9,11/05/2016
Lider-bet.com,5.5,12/05/2016
Tsu.ge,3.9,13/05/2016
Intermedia.ge,1.8,14/05/2016
Livo.ge,25,15/05/2016
Ebay.de,7.21,16/05/2016
Web.de,4.34,17/05/2016
Ebay-kleinanzeigen.de,7.8,18/05/2016
T-online.de,2.53,19/05/2016
Spiegel.de,2.23,20/05/2016
Bild.de,2.42,21/05/2016
Tagesschau.de,2.03,22/05/2016
Zdf.de,2.8,23/05/2016
Dhl.de,1.69,24/05/2016
N-tv.de,3.2,25/05/2016
Otto.de,5,26/05/2016
Focus.de,2,27/05/2016
Ghanaweb.com,4.24,28/05/2016
Myjoyonline.com,2.1,29/05/2016
Yen.com.gh,2.2,30/05/2016
Ug.edu.gh,4.9,31/05/2016
Betway.com.gh,5.08,01/06/2016
Peacefmonline.com,2.4,02/06/2016
Adomonline.com,2.4,03/06/2016
Google.com.gh,7.2,04/06/2016
Jiji.com.gh,5.7,05/06/2016
Citinewsroom.com,3.1,06/06/2016
Sportybet.com,6.38,07/06/2016
Jumia.com.gh,5.6,08/06/2016
Ghgossip.com,3.5,09/06/2016
Premierbet.com.gh,1.5,10/06/2016
Thedistin.com,4.6,11/06/2016
Browngh.com,6.4,12/06/2016
Ghbase.com,4.2,13/06/2016
Chymall.net,6.99,14/06/2016
Pulse.com.gh,2.5,15/06/2016
Tonaton.com,5.3,16/06/2016
Halmblog.com,6.8,17/06/2016
Lightdl.xyz,2.5,18/06/2016
Modernghana.com,1.7,19/06/2016
Gossips24.com,3.8,20/06/2016
Knust.edu.gh,3.3,21/06/2016
Graphic.com.gh,3.5,22/06/2016
Premierleague.com,4.08,23/06/2016
Google.gr,9.02,24/06/2016
In.gr,3.25,25/06/2016
Skroutz.gr,10.6,26/06/2016
Lifo.gr,2.81,27/06/2016
Zougla.gr,3.54,28/06/2016
Protothema.gr,3.9,29/06/2016
Iefimerida.gr,3.55,30/06/2016
Dikaiologitika.gr,2.83,01/07/2016
Winbank.gr,4.89,02/07/2016
Gsis.gr,3.55,03/07/2016
Alfavita.gr,1.91,04/07/2016
Newsit.gr,3.79,05/07/2016
Nbg.gr,4.87,06/07/2016
Makeleio.gr,4.39,07/07/2016
Aftodioikisi.gr,2.93,08/07/2016
Pronews.gr,3.87,09/07/2016
Aade.gr,6.83,10/07/2016
Eurobank.gr,6.43,11/07/2016
Alpha.gr,7.25,12/07/2016
Gazzetta.gr,3.35,13/07/2016
Tanea.gr,1.59,14/07/2016
Sch.gr,7.6,15/07/2016
Kathimerini.gr,2.49,16/07/2016
Typosthes.gr,1.4,17/07/2016
Ethnos.gr,2.5,18/07/2016
News247.gr,2.39,19/07/2016
Thepresident.gr,1.8,20/07/2016
Car.gr,12.4,21/07/2016
Capital.gr,3.16,22/07/2016
Stoiximan.gr,7.19,23/07/2016
Tovima.gr,1.91,24/07/2016
Newsbomb.gr,2.71,25/07/2016
Taxheaven.gr,3.28,26/07/2016
Epirusonline.gr,1.9,27/07/2016
Naftemporiki.gr,2.96,28/07/2016
Newsauto.gr,3.59,29/07/2016
Meteo.gr,1.71,30/07/2016
Newsbreak.gr,4.17,31/07/2016
Sport24.gr,2.48,01/08/2016
Newsbeast.gr,3.44,02/08/2016
Prensalibre.com,3.5,03/08/2016
Soy502.com,5.1,04/08/2016
Guatemala.com,2,05/08/2016
Chapintv.com,11,06/08/2016
Sat.gob.gt,4.4,07/08/2016
Google.com.gt,4.95,08/08/2016
Publinews.gt,6.7,09/08/2016
Transdoc.com,8.2,10/08/2016
Bi.com.gt,9.8,11/08/2016
Usac.edu.gt,4.9,12/08/2016
Emisorasunidas.com,6.2,13/08/2016
Guatevision.com,4.7,14/08/2016
Gytcontinental.com.gt,3.2,15/08/2016
Banrural.com.gt,3.7,16/08/2016
Tn23.tv,4.8,17/08/2016
Gtc.com.gt,1.3,18/08/2016
Cemaco.com,13,19/08/2016
Imeqmo.com,48,20/08/2016
Guatemaladigital.com,13,21/08/2016
Corporacionbi.com,2.3,22/08/2016
Aastocks.com,5.5,23/08/2016
Discuss.com.hk,3.1,24/08/2016
Pixnet.net,2.12,25/08/2016
Lihkg.com,13.4,26/08/2016
Etnet.com.hk,5.1,27/08/2016
Presslogic.com,1.8,28/08/2016
Price.com.hk,2.87,29/08/2016
Hk01.com,5.69,30/08/2016
Hsbc.com.hk,7.41,31/08/2016
Bastillepost.com,5.3,01/09/2016
Dcfever.com,4,02/09/2016
Ettoday.net,2.18,03/09/2016
Hangseng.com,6.5,04/09/2016
Hket.com,3.65,05/09/2016
Hktvmall.com,5.35,06/09/2016
Hkgolden.com,2.5,07/09/2016
Appledaily.com,2.52,08/09/2016
Bochk.com,8.2,09/09/2016
Hkjc.com,9.61,10/09/2016
Carousell.com.hk,5.85,11/09/2016
Ulifestyle.com.hk,4,12/09/2016
Mewe.com,5.34,13/09/2016
Unwire.hk,3.9,14/09/2016
Google.hu,2.93,15/09/2016
Gov.hu,4.3,16/09/2016
Ncore.cc,2.7,17/09/2016
Idokep.hu,2.4,18/09/2016
Index.hu,2.8,19/09/2016
Origo.hu,2,20/09/2016
Freemail.hu,2.9,21/09/2016
E-kreta.hu,3,22/09/2016
Motorsport.com,2.4,23/09/2016
Otpbankdirekt.hu,6.4,24/09/2016
Otpbank.hu,2.5,25/09/2016
Jofogas.hu,4.3,26/09/2016
Hasznaltauto.hu,8.7,27/09/2016
Ingatlan.com,7.7,28/09/2016
Arukereso.hu,2.3,29/09/2016
Eredmenyek.com,9.5,30/09/2016
Nemzetisport.hu,2.9,01/10/2016
24.hu,1.9,02/10/2016
Startlap.hu,1.4,03/10/2016
Telex.hu,2.2,04/10/2016
Life.hu,2,05/10/2016
Videa.hu,2.2,06/10/2016
444.hu,2.4,07/10/2016
Online-filmek.me,3.7,08/10/2016
Blikk.hu,1.9,09/10/2016
Emag.hu,3,10/10/2016
Telekom.hu,3.7,11/10/2016
Indavideo.hu,3.6,12/10/2016
Portfolio.hu,2,13/10/2016
Familysearch.org,11.1,14/10/2016
Sorozatbarat.club,4.3,15/10/2016
Hvg.hu,2,16/10/2016
Hirkereso.hu,1.4,17/10/2016
Filmvilag.me,3.2,18/10/2016
Mozimax.top,2.4,19/10/2016
Szerencsejatek.hu,3.1,20/10/2016
Femina.hu,1.5,21/10/2016
Blog.hu,1.8,22/10/2016
Szamlazz.hu,2.1,23/10/2016
Amazon.in,10.44,24/10/2016
Google.co.in,7.16,25/10/2016
Flipkart.com,8.61,26/10/2016
Indiatimes.com,2.73,27/10/2016
Hdfcbank.com,3.91,28/10/2016
Onlinesbi.com,6.75,29/10/2016
Zerodha.com,10.3,30/10/2016
Icicibank.com,5.14,31/10/2016
Hotstar.com,4.09,01/11/2016
Moneycontrol.com,4.27,02/11/2016
Naukri.com,6.92,03/11/2016
Canva.com,4.5,04/11/2016
Grammarly.com,2.3,05/11/2016
Godaddy.com,6.63,06/11/2016
Zoho.com,13.6,07/11/2016
Indiamart.com,3.52,08/11/2016
Irctc.co.in,4.47,09/11/2016
Smallpdf.com,2.09,10/11/2016
Incometaxindiaefiling.gov.in,10.6,11/11/2016
Ndtv.com,2.06,12/11/2016
Okezone.com,4.26,13/11/2016
Tribunnews.com,1.86,14/11/2016
Kompas.com,2.02,15/11/2016
Detik.com,4.26,16/11/2016
Pikiran-rakyat.com,2.57,17/11/2016
Liputan6.com,2.21,18/11/2016
Tokopedia.com,7.33,19/11/2016
Grid.id,1.6,20/11/2016
Kumparan.com,2.24,21/11/2016
Jpnn.com,3,22/11/2016
Sindonews.com,2.42,23/11/2016
Suara.com,2.31,24/11/2016
Bukalapak.com,3.6,25/11/2016
Merdeka.com,1.57,26/11/2016
Idntimes.com,5.45,27/11/2016
Viva.co.id,2.49,28/11/2016
Brilio.net,1.41,29/11/2016
Kapanlagi.com,3.13,30/11/2016
Alodokter.com,1.64,01/12/2016
Rctiplus.com,3.09,02/12/2016
Shopee.co.id,7.19,03/12/2016
Cnnindonesia.com,2.28,04/12/2016
Kontan.co.id,2.48,05/12/2016
Cnbcindonesia.com,2.18,06/12/2016
Vidio.com,3.53,07/12/2016
Bola.com,1.77,08/12/2016
Inews.id,3.23,09/12/2016
Motorplus-online.com,1.4,10/12/2016
Bolasport.com,2.1,11/12/2016
Insertlive.com,2,12/12/2016
Republika.co.id,2,13/12/2016
Kompas.tv,1.3,14/12/2016
Tempo.co,3.12,15/12/2016
Uzone.id,1.88,16/12/2016
Haibunda.com,2.77,17/12/2016
Hops.id,1.6,18/12/2016
Sehatq.com,2.9,19/12/2016
Kemdikbud.go.id,4.83,20/12/2016
Bola.net,3.38,21/12/2016
Bisnis.com,2.67,22/12/2016
Kaskus.co.id,4.11,23/12/2016
Kompasiana.com,1.46,24/12/2016
Wartaekonomi.co.id,1.8,25/12/2016
Digikala.com,11,26/12/2016
Shaparak.ir,1.93,27/12/2016
Divar.ir,10.7,28/12/2016
Tsetmc.com,6.4,29/12/2016
Torob.com,4.46,30/12/2016
Emofid.com,4.29,31/12/2016
Rahavard365.com,8.6,01/01/2017
Emalls.ir,4.78,02/01/2017
Agah.com,6.49,03/01/2017
Zhaket.com,6.04,04/01/2017
Jamnews.com,2.1,05/01/2017
Soft98.ir,2.22,06/01/2017
Yektanet.com,4.24,07/01/2017
Mofidonline.com,4.27,08/01/2017
Bankmellat.ir,4.35,09/01/2017
Rtl-theme.com,6.6,10/01/2017
Tgju.org,1.42,11/01/2017
Eghtesadonline.com,1.86,12/01/2017
Zarinpal.com,3.83,13/01/2017
Tci.ir,3.04,14/01/2017
Nobitex.ir,6.23,15/01/2017
Enamad.ir,1.65,16/01/2017
Bmi.ir,3.46,17/01/2017
Time.ir,1.02,18/01/2017
Blogfa.com,2.19,19/01/2017
Arzdigital.com,3.57,20/01/2017
Tamin.ir,5.81,21/01/2017
Zoomit.ir,3.3,22/01/2017
Namava.ir,4.16,23/01/2017
Asriran.com,2.75,24/01/2017
Google.iq,5.37,25/01/2017
Shabakaty.com,3.98,26/01/2017
Rudaw.net,3.4,27/01/2017
Nrttv.com,1.8,28/01/2017
Basnews.com,3.3,29/01/2017
Alforatnews.com,8.6,30/01/2017
Shafaq.com,6.6,31/01/2017
Nasnews.com,3.5,01/02/2017
Alsumaria.tv,3,02/02/2017
Opensooq.com,7.17,03/02/2017
Baghdadtoday.news,3.1,04/02/2017
Xendan.org,2.3,05/02/2017
Mlazemna.com,7.7,06/02/2017
Earthlink.iq,4.9,07/02/2017
Kurdistan24.net,3.1,08/02/2017
Xelk.org,8.6,09/02/2017
Kurdcinama.com,4.9,10/02/2017
Google.ie,2.5,11/02/2017
Rte.ie,2.6,12/02/2017
Amazon.co.uk,5.26,13/02/2017
Donedeal.ie,4.7,14/02/2017
Ladbible.com,1.3,15/02/2017
Seesaw.me,4.06,16/02/2017
Daft.ie,4.7,17/02/2017
Irishtimes.com,1.5,18/02/2017
Thejournal.ie,1.6,19/02/2017
Ros.ie,5,20/02/2017
Revenue.ie,2,21/02/2017
365online.com,3.1,22/02/2017
Rip.ie,2.9,23/02/2017
Sportbible.com,1.3,24/02/2017
Folensonline.ie,7.7,25/02/2017
Aib.ie,5.3,26/02/2017
Adverts.ie,5.3,27/02/2017
Boards.ie,2.2,28/02/2017
Cjfallon.ie,15,01/03/2017
4channel.org,5.74,02/03/2017
Nookazon.com,7.5,03/03/2017
Mygovid.ie,2.7,04/03/2017
Aladdin.ie,3.6,05/03/2017
Www.gov.uk,2.5,06/03/2017
Open24.ie,6.3,07/03/2017
Ynet.co.il,3.09,08/03/2017
Google.co.il,7.38,09/03/2017
Mako.co.il,2.8,10/03/2017
Walla.co.il,2.72,11/03/2017
Bankhapoalim.co.il,5.07,12/03/2017
Panet.co.il,3.1,13/03/2017
Bankleumi.co.il,8.08,14/03/2017
Www.gov.il,2.54,15/03/2017
Yad2.co.il,2.65,16/03/2017
Edu.gov.il,1.43,17/03/2017
Taboola.com,4.44,18/03/2017
Cet.ac.il,7.48,19/03/2017
Calcalist.co.il,2.02,20/03/2017
Globes.co.il,1.63,21/03/2017
Zap.co.il,2.36,22/03/2017
Alarab.com,3.2,23/03/2017
Haaretz.co.il,3.07,24/03/2017
Maccabi4u.co.il,7.14,25/03/2017
Clalit.co.il,4.12,26/03/2017
Maariv.co.il,2.16,27/03/2017
Themarker.com,2.2,28/03/2017
Btl.gov.il,5.68,29/03/2017
Mizrahi-tefahot.co.il,6.9,30/03/2017
Sport5.co.il,1.9,31/03/2017
Morfix.co.il,4.53,01/04/2017
Arab48.com,7.8,02/04/2017
Google.it,3.2,03/04/2017
Amazon.it,5.66,04/04/2017
Proiezionidiborsa.it,1.5,05/04/2017
Libero.it,3.31,06/04/2017
Ebay.it,6.8,07/04/2017
Repubblica.it,2.34,08/04/2017
Dagospia.com,3.8,09/04/2017
Gds.it,1,10/04/2017
Poste.it,4.9,11/04/2017
Gazzettadelsud.it,1,12/04/2017
Laleggepertutti.it,1.2,13/04/2017
Inps.it,7.6,14/04/2017
Subito.it,6,15/04/2017
Virgilio.it,3.2,16/04/2017
Tim.it,3.2,17/04/2017
Spaggiari.eu,3.9,18/04/2017
Corriere.it,1.6,19/04/2017
Agenziaentrate.gov.it,8.4,20/04/2017
Aruba.it,2.5,21/04/2017
Ilmeteo.it,1.8,22/04/2017
Mymovies.it,1.6,23/04/2017
Pec.it,2.6,24/04/2017
Mediaset.it,1.8,25/04/2017
Tiscali.it,3.4,26/04/2017
Raiplay.it,2,27/04/2017
Escort-advisor.com,2.6,28/04/2017
Ansa.it,1.8,29/04/2017
Unicredit.it,3.4,30/04/2017
Sworld.co.uk,1.5,01/05/2017
Axioscloud.it,3.3,02/05/2017
Cineca.it,3.4,03/05/2017
Portaleargo.it,3,04/05/2017
Ncbelink.com,6,05/05/2017
Google.com.jm,4.1,06/05/2017
Jncb.com,2.6,07/05/2017
Jamaica-gleaner.com,2.5,08/05/2017
Aeropost.com,4.3,09/05/2017
Utech.edu.jm,6.7,10/05/2017
Sagicorjamaica.com,3.4,11/05/2017
Jamaicaobserver.com,2.2,12/05/2017
Shipme.me,15,13/05/2017
Instructure.com,10.6,14/05/2017
Jmmb.com,4,15/05/2017
Caribbeanjobs.com,4.9,16/05/2017
Desmondcampbell.com,9.4,17/05/2017
Hostgator.com,5.79,18/05/2017
Goojara.to,5.4,19/05/2017
Bbcollab.com,2.41,20/05/2017
Nht.gov.jm,4.7,21/05/2017
Rakuten.co.jp,9.68,22/05/2017
Google.com.sg,7.98,23/05/2017
Lazada.sg,14.2,24/05/2017
Fc2.com,3.3,25/05/2017
Ameblo.jp,3.58,26/05/2017
Kakaku.com,4.12,27/05/2017
Dmm.co.jp,8.53,28/05/2017
Mercari.com,9.9,29/05/2017
Qoo10.sg,6.78,30/05/2017
Asos.com,10.8,31/05/2017
Dbs.com.sg,5.44,01/06/2017
Nikkei.com,2.28,02/06/2017
Livedoor.jp,3.11,03/06/2017
Line.me,2.42,04/06/2017
Nhk.or.jp,2.49,05/06/2017
Kuronekoyamato.co.jp,5.62,06/06/2017
Japanpost.jp,3.53,07/06/2017
Impress.co.jp,2.12,08/06/2017
Clickpost.jp,12.6,09/06/2017
Alwakeelnews.com,6.2,10/06/2017
Royanews.tv,3.4,11/06/2017
Khaberni.com,6.1,12/06/2017
Factjo.com,2,13/06/2017
Sarayanews.com,3.8,14/06/2017
Ammonnews.net,3.3,15/06/2017
Assawsana.com,1.6,16/06/2017
Sarahanews.net,1.5,17/06/2017
Google.jo,6.56,18/06/2017
Jfranews.com.jo,2.5,19/06/2017
Garaanews.com,1.6,20/06/2017
Gerasanews.com,3.5,21/06/2017
Alquds.co.uk,2.2,22/06/2017
Raialyoum.com,2.7,23/06/2017
Darsak.gov.jo,8,24/06/2017
Rumonline.net,13,25/06/2017
Sawaleif.com,2,26/06/2017
Jo24.net,1.7,27/06/2017
Roya.tv,3.2,28/06/2017
Jordanzad.com,1.7,29/06/2017
Awa2el.net,3.9,30/06/2017
Ssc.gov.jo,4.9,01/07/2017
Bayt.com,3.34,02/07/2017
Hawaaworld.com,3.6,03/07/2017
Moe.gov.jo,5.2,04/07/2017
Waraqa.com,17,05/07/2017
Kundelik.kz,12.4,06/07/2017
Nur.kz,2.14,07/07/2017
Google.kz,4.6,08/07/2017
Onlinemektep.org,2.68,09/07/2017
Yandex.kz,1.52,10/07/2017
Egov.kz,7.21,11/07/2017
Olx.kz,8.02,12/07/2017
Kolesa.kz,10.6,13/07/2017
Znanija.com,2.4,14/07/2017
Ust.kz,2.41,15/07/2017
Goszakup.gov.kz,16.4,16/07/2017
Bilimland.kz,1.88,17/07/2017
Bilimal.kz,8.07,18/07/2017
Zan.kz,2.54,19/07/2017
Smk.edu.kz,7.9,20/07/2017
Kaspi.kz,5.35,21/07/2017
Krisha.kz,9.71,22/07/2017
Gismeteo.kz,2.46,23/07/2017
Zakon.kz,2.27,24/07/2017
Pki.gov.kz,3.53,25/07/2017
Tengrinews.kz,2.5,26/07/2017
Salyk.kz,4.17,27/07/2017
Onlinemektep.net,1.56,28/07/2017
Satu.kz,3.28,29/07/2017
Kaznu.kz,8.77,30/07/2017
Infourok.ru,2.12,31/07/2017
Dmed.kz,7.69,01/08/2017
1xbet.kz,1.35,02/08/2017
Stud.kz,1.66,03/08/2017
Ppt-online.org,1.75,04/08/2017
Kopilkaurokov.ru,1.27,05/08/2017
Hh.kz,6.38,06/08/2017
Multiurok.ru,1.41,07/08/2017
Standardmedia.co.ke,1.99,08/08/2017
Tuko.co.ke,2.8,09/08/2017
Nation.africa,2.57,10/08/2017
Kenyans.co.ke,1.9,11/08/2017
Jumia.co.ke,5.99,12/08/2017
Ecitizen.go.ke,7.5,13/08/2017
Jiji.co.ke,5.66,14/08/2017
Kra.go.ke,4.71,15/08/2017
K24tv.co.ke,1.3,16/08/2017
Sportsmole.co.uk,2.3,17/08/2017
Betika.com,3.3,18/08/2017
Google.co.ke,3.91,19/08/2017
The-star.co.ke,1.8,20/08/2017
Victorspredict.com,5.3,21/08/2017
Ghafla.com,3.4,22/08/2017
Kenyamoja.com,2.3,23/08/2017
Brightermonday.co.ke,4.2,24/08/2017
Equitybankgroup.com,3.7,25/08/2017
Turnitin.com,3.79,26/08/2017
Biznakenya.com,1.7,27/08/2017
Paypal.com,6.21,28/08/2017
Google.com.kw,6.41,29/08/2017
Alanba.com.kw,5.97,30/08/2017
Alqabas.com,3.7,31/08/2017
Xcite.com,6.07,01/09/2017
Moi.gov.kw,8.34,02/09/2017
Kpay.com.kw,2.5,03/09/2017
Paci.gov.kw,3.1,04/09/2017
Manpower.gov.kw,4.7,05/09/2017
Indiansinkuwait.com,5,06/09/2017
Alraimedia.com,2.4,07/09/2017
E.gov.kw,2.1,08/09/2017
Moh.gov.kw,4.2,09/09/2017
Nbk.com.kw,7.4,10/09/2017
Url.rw,1,11/09/2017
Trackmyschool.info,6.7,12/09/2017
Akipress.org,3.7,13/09/2017
Ts.kg,5.08,14/09/2017
Turmush.kg,1.9,15/09/2017
24.kg,2.5,16/09/2017
Lalafo.kg,3.4,17/09/2017
Minjust.gov.kg,2.7,18/09/2017
Google.kg,3.6,19/09/2017
Kaktus.media,2.5,20/09/2017
Elcat.kg,6.9,21/09/2017
Salyk.kg,8.2,22/09/2017
Sti.gov.kg,3.3,23/09/2017
Centralasia.media,2.1,24/09/2017
Srs.kg,3.3,25/09/2017
Azattyk.org,2.1,26/09/2017
Okmot.kg,7.9,27/09/2017
Tazabek.kg,1.4,28/09/2017
Sputnik.kg,1.9,29/09/2017
Manas.edu.kg,10,30/09/2017
Super.kg,3.3,01/10/2017
Edu.gov.kg,4.6,02/10/2017
Job.kg,5.2,03/10/2017
Kundoluk.edu.kg,12,04/10/2017
2gis.kg,1.5,05/10/2017
Mashina.kg,7.6,06/10/2017
Wildberries.kg,4.2,07/10/2017
Gismeteo.ru,2.57,08/10/2017
Yaklass.ru,8.37,09/10/2017
Vb.kg,2,10/10/2017
Doramy.club,5.26,11/10/2017
Inbox.lv,3.43,12/10/2017
E-klase.lv,7.39,13/10/2017
Google.lv,4.14,14/10/2017
Delfi.lv,3.7,15/10/2017
Swedbank.lv,4.7,16/10/2017
Ss.lv,18,17/10/2017
Ss.com,15,18/10/2017
Uzdevumi.lv,9.6,19/10/2017
Draugiem.lv,4.8,20/10/2017
Latvija.lv,4.2,21/10/2017
Vid.gov.lv,8.1,22/10/2017
Filebase.ws,7.3,23/10/2017
Seb.lv,2.3,24/10/2017
Citadele.lv,2.4,25/10/2017
Gismeteo.lv,2.9,26/10/2017
Tvnet.lv,8.6,27/10/2017
Liepajniekiem.lv,3.8,28/10/2017
Lsm.lv,1.8,29/10/2017
Press.lv,2.8,30/10/2017
Mykoob.lv,2,31/10/2017
Gorod.lv,3,01/11/2017
220.lv,6.9,02/11/2017
Kinozal.tv,8.4,03/11/2017
Elektrum.lv,5.1,04/11/2017
Jauns.lv,2.6,05/11/2017
Rdveikals.lv,8.2,06/11/2017
Apollo.lv,2.5,07/11/2017
Rtu.lv,7,08/11/2017
Barbora.lv,11,09/11/2017
Salidzini.lv,1.7,10/11/2017
Yasour.org,3.7,11/11/2017
Almanar.com.lb,2.9,12/11/2017
Bintjbeil.org,2.8,13/11/2017
Alahednews.com.lb,1.9,14/11/2017
Google.com.lb,6.3,15/11/2017
Myeschoolhome.com,10,16/11/2017
Almodon.com,2.8,17/11/2017
Saidaonline.com,5.4,18/11/2017
Lebanon24.com,3.5,19/11/2017
Lebanonfiles.com,3.3,20/11/2017
Lebanon-lotto.com,1.8,21/11/2017
Mtv.com.lb,2.8,22/11/2017
Lebanondebate.com,3.4,23/11/2017
Liu.edu.lb,6,24/11/2017
Bau.edu.lb,4.7,25/11/2017
Nna-leb.gov.lb,6.1,26/11/2017
3isk.video,5.4,27/11/2017
Olx.com.lb,6.4,28/11/2017
Syria.tv,6.9,29/11/2017
Mabarrat.net,7.4,30/11/2017
Lbcgroup.tv,2.1,01/12/2017
Google.com.ly,4.06,02/12/2017
Afrigatenews.net,1.7,03/12/2017
218tv.net,1.7,04/12/2017
Uot.edu.ly,11,05/12/2017
Yts.mx,4.52,06/12/2017
Server.ly,8.1,07/12/2017
Copart.com,9.91,08/12/2017
Xhamster.desi,5.7,09/12/2017
Libyanjobs.ly,6.9,10/12/2017
Worldoftanks.eu,1.35,11/12/2017
Anime4up.com,4.94,12/12/2017
Cimaclub.in,5.76,13/12/2017
Libyanspider.com,3.1,14/12/2017
Ltt.ly,3.7,15/12/2017
Jocial.com,10,16/12/2017
Google.lt,3.51,17/12/2017
Telugu360.com,3.5,18/12/2017
Kasvyksta.lt,1.3,19/12/2017
Delfi.lt,3.4,20/12/2017
Tamo.lt,7.1,21/12/2017
Swedbank.lt,4.1,22/12/2017
Tueren-fachhandel.de,1,23/12/2017
Manodienynas.lt,10,24/12/2017
15min.lt,2.1,25/12/2017
Skelbiu.lt,8.9,26/12/2017
Eduka.lt,6.5,27/12/2017
Igizmo.it,1,28/12/2017
Amateuros.com,4,29/12/2017
Lrytas.lt,3.1,30/12/2017
Metanews.com,1,31/12/2017
Cvonline.lt,5,01/01/2018
Gismeteo.lt,4.5,02/01/2018
Seb.lt,3,03/01/2018
Ldb.lt,4.3,04/01/2018
Draugas.lt,4.3,05/01/2018
Senukai.lt,4,06/01/2018
Pigu.lt,4.6,07/01/2018
Usay.gr,2,08/01/2018
Aruodas.lt,8.3,09/01/2018
Ggwp.id,1.5,10/01/2018
Tts.lt,3.2,11/01/2018
Lamianow.gr,7.3,12/01/2018
Lrt.lt,1.6,13/01/2018
Autoplius.lt,7.7,14/01/2018
Vz.lt,2.9,15/01/2018
Chicv.com,37,16/01/2018
Myshoplaza.com,26,17/01/2018
Bnu.com.mo,6,18/01/2018
Shoplazza.com,2.7,19/01/2018
Cyberctm.com,6.5,20/01/2018
Orderplus.com,7.7,21/01/2018
Newchic.com,3.41,22/01/2018
Grandlisboapalace.com,11,23/01/2018
Macausjm-glp.com,7.7,24/01/2018
Usj.edu.mo,9.4,25/01/2018
Cityu.edu.mo,5.8,26/01/2018
Nclexnursing.com,14,27/01/2018
Vinicelife.com,13,28/01/2018
Bocmacau.com,2.5,29/01/2018
Chimpone.com,11,30/01/2018
Codewithchris.com,3.6,31/01/2018
Cambridge.org,3.23,01/02/2018
Marstree.ltd,14,02/02/2018
I-learner.com.hk,8.9,03/02/2018
Rccarbashing.com,4.8,04/02/2018
Reklama5.mk,6.78,05/02/2018
Time.mk,2.24,06/02/2018
Crnobelo.com,4.3,07/02/2018
Femina.mk,2.7,08/02/2018
Motika.mk,5.8,09/02/2018
sitel.com.mk,1.9,10/02/2018
Gol.mk,3.8,11/02/2018
Kajgana.com,3.9,12/02/2018
Skopjeinfo.mk,1.2,13/02/2018
Vrabotuvanje.com.mk,4.1,14/02/2018
Tv21.tv,3.1,15/02/2018
Centar.mk,1.7,16/02/2018
Tocka.com.mk,3.3,17/02/2018
Pazar3.mk,9.1,18/02/2018
Alsat.mk,10,19/02/2018
Slobodenpecat.mk,3.9,20/02/2018
Off.net.mk,3.9,21/02/2018
Netpress.com.mk,1.3,22/02/2018
Nlbklik.com.mk,3.6,23/02/2018
Kanal5.com.mk,3,24/02/2018
Stb.com.mk,3.4,25/02/2018
360stepeni.mk,2.7,26/02/2018
A1on.mk,2.2,27/02/2018
A1.mk,3.4,28/02/2018
Kurir.mk,2.5,01/03/2018
Evnonline.mk,5.4,02/03/2018
Banka.com.mk,4.3,03/03/2018
Shopee.com.my,7.86,04/03/2018
Google.com.my,5.69,05/03/2018
Lazada.com.my,7.22,06/03/2018
Hasil.gov.my,6.56,07/03/2018
Maybank2u.com.my,4.99,08/03/2018
Pbebank.com,2.62,09/03/2018
Kwsp.gov.my,4.72,10/03/2018
Lowyat.net,4.4,11/03/2018
Cimbclicks.com.my,1.57,12/03/2018
Uitm.edu.my,11.3,13/03/2018
Mepsfpx.com.my,2.35,14/03/2018
Mudah.my,8.13,15/03/2018
I3investor.com,4.59,16/03/2018
Pgmall.my,1.52,17/03/2018
Goody25.com,2.1,18/03/2018
Malaysiakini.com,3.16,19/03/2018
Thestar.com.my,2.85,20/03/2018
Tantannews.com,1.2,21/03/2018
Jobstreet.com.my,5.61,22/03/2018
Dramacool.so,7.41,23/03/2018
Rimnow.com,2.06,24/03/2018
Ami.mr,4.85,25/03/2018
Alakhbar.info,1.1,26/03/2018
Essahraa.net,3.22,27/03/2018
Rimnow.mr,2.1,28/03/2018
Namu.wiki,4.14,29/03/2018
Rimfeed.com,3,30/03/2018
Diaspora.mr,7.9,31/03/2018
Alwiam.info,3.4,01/04/2018
Saharamedias.net,1.9,02/04/2018
Zahraa.mr,2,03/04/2018
Mourassiloun.com,2,04/04/2018
Arriyada.net,4.6,05/04/2018
Comavip.mr,7.9,06/04/2018
Bea.mr,7.7,07/04/2018
Asmlgroup.mr,7.8,08/04/2018
Elmourageb.com,2.3,09/04/2018
Rimtoday.net,1.4,10/04/2018
Aljazeera.net,2.36,11/04/2018
Wafaholding.mr,7.8,12/04/2018
Mauriactu.info,1.8,13/04/2018
11st.co.kr,5.22,14/04/2018
Atlasinfo.info,4.8,15/04/2018
Eljewahir.com,5.3,16/04/2018
Meyadin.net,1.3,17/04/2018
Nawafedh.com,1.1,18/04/2018
Tig.mr,2,19/04/2018
Elvetach.info,5.5,20/04/2018
Aqlame.com,1.3,21/04/2018
Rimpresse.com,5.6,22/04/2018
Essirage.net,1.4,23/04/2018
Kiffainfo.net,3.1,24/04/2018
Legwareb.info,1,25/04/2018
Essabq.info,3,26/04/2018
Skynewsarabia.com,3.76,27/04/2018
Allarab.info,9,28/04/2018
Defimedia.info,3.5,29/04/2018
Lexpress.mu,2.5,30/04/2018
Google.mu,9.1,01/05/2018
Myt.mu,4.7,02/05/2018
Mcb.mu,2.9,03/05/2018
Checkout.com,6.49,04/05/2018
Govmu.org,4,05/05/2018
Okta.com,3.77,06/05/2018
Weshare.mu,21,07/05/2018
Hibob.com,6.01,08/05/2018
Freshdesk.com,7.89,09/05/2018
Frontapp.com,38.1,10/05/2018
Inside.news,7.1,11/05/2018
Allsport.mu,5.2,12/05/2018
Kf-eu00002.appspot.com,11,13/05/2018
Myjob.mu,4.9,14/05/2018
Priceguru.mu,4.8,15/05/2018
Mycart.mu,16,16/05/2018
Mra.mu,3.9,17/05/2018
Telecom.mu,12,18/05/2018
Stocktwits.com,6.2,19/05/2018
Marideal.mu,5.7,20/05/2018
Google.com.mx,7.85,21/05/2018
Mercadolibre.com.mx,11.6,22/05/2018
Amazon.com.mx,9.39,23/05/2018
Caliente.mx,1.76,24/05/2018
Www.gob.mx,2.19,25/05/2018
Sat.gob.mx,6.8,26/05/2018
Sdpnoticias.com,1.9,27/05/2018
Eluniversal.com.mx,2.34,28/05/2018
Banamex.com,4.8,29/05/2018
Liverpool.com.mx,5.43,30/05/2018
Unam.mx,2.95,31/05/2018
Milenio.com,2.06,01/06/2018
Cdmx.gob.mx,3.65,02/06/2018
999.md,11,03/06/2018
Gov.md,2.9,04/06/2018
Point.md,5.6,05/06/2018
Gismeteo.md,2.7,06/06/2018
Google.md,4.7,07/06/2018
Fisc.md,7.4,08/06/2018
Makler.md,3.6,09/06/2018
Stiri.md,1.6,10/06/2018
Gospmr.org,2.1,11/06/2018
Protv.md,1.3,12/06/2018
Maib.md,3.7,13/06/2018
Didactic.ro,3.7,14/06/2018
Brainly.ro,2.7,15/06/2018
Dexonline.ro,2.6,16/06/2018
Curs.md,1.3,17/06/2018
Fragrantica.ru,4.1,18/06/2018
1plus1tv.ru,3.17,19/06/2018
Kp.md,1.8,20/06/2018
Meteo2.md,1.6,21/06/2018
Ikon.mn,2.7,22/06/2018
Gogo.mn,2.6,23/06/2018
Xopom.com,1.5,24/06/2018
News.mn,2.4,25/06/2018
Eguur.mn,1.5,26/06/2018
Caak.mn,1.9,27/06/2018
Ubinfo.mn,1.2,28/06/2018
Zindaa.mn,2.6,29/06/2018
Updown.mn,8.2,30/06/2018
Google.mn,5.81,01/07/2018
Livetv.mn,3.3,02/07/2018
Unegui.mn,15,03/07/2018
W00w.pw,5,04/07/2018
Mta.mn,4.7,05/07/2018
Khanbank.com,2,06/07/2018
Bolor-toli.com,4.3,07/07/2018
Itc.gov.mn,1.5,08/07/2018
Legalinfo.mn,3.1,09/07/2018
Ebarimt.mn,2,10/07/2018
Unuudur.mn,5.3,11/07/2018
Itpd.mn,9.3,12/07/2018
Esis.edu.mn,3.1,13/07/2018
Econtent.edu.mn,8.7,14/07/2018
Hdplayer.icu,1,15/07/2018
Hdwow.icu,1,16/07/2018
Zangia.mn,9.4,17/07/2018
Itoim.mn,3.6,18/07/2018
Vpgame.com,5.3,19/07/2018
Ulaanbaatar.mn,4.8,20/07/2018
Zarig.mn,1.8,21/07/2018
Mof.gov.mn,3.5,22/07/2018
Montsame.mn,1.7,23/07/2018
Num.edu.mn,2.7,24/07/2018
Spellcheck.gov.mn,1.1,25/07/2018
Ibank.mn,5.9,26/07/2018
Chouftv.ma,2.2,27/07/2018
Hespress.com,2.46,28/07/2018
2m.ma,1.9,29/07/2018
Elbotola.com,2.5,30/07/2018
Almaghreb24.com,4.7,31/07/2018
Al3omk.com,3.4,01/08/2018
Google.co.ma,5.71,02/08/2018
Le360.ma,2.4,03/08/2018
Tanja24.com,2.2,04/08/2018
Akhbarona.com,3.1,05/08/2018
Lesiteinfo.com,2.9,06/08/2018
Goud.ma,2.8,07/08/2018
Kech24.com,3.06,08/08/2018
Aldar.ma,2.8,09/08/2018
Hibapress.com,2.4,10/08/2018
Avito.ma,10.6,11/08/2018
Men.gov.ma,3.91,12/08/2018
Achtari24.com,1.6,13/08/2018
Jumia.ma,8.31,14/08/2018
Alayam24.com,2.4,15/08/2018
Moteur.ma,6.74,16/08/2018
Aabbir.com,1.9,17/08/2018
Lexilogos.com,1.13,18/08/2018
Le12.ma,2.5,19/08/2018
Dreamjob.ma,2.96,20/08/2018
Agadir24.info,3.6,21/08/2018
Mmload.com,1.3,22/08/2018
Channelmyanmar.org,6.44,23/08/2018
Google.com.mm,5.4,24/08/2018
Thecmpage.com,3.2,25/08/2018
Rabbit-converter.org,1,26/08/2018
Megaup.net,2.42,27/08/2018
Shop.com.mm,8.6,28/08/2018
Irrawaddy.com,2.5,29/08/2018
Mcf.org.mm,1.1,30/08/2018
Apannpyaymedia.com,5.2,31/08/2018
Yoteshinportal.cc,3.1,01/09/2018
Jobnet.com.mm,8.2,02/09/2018
Alinnthit.com,3.3,03/09/2018
Kbzbank.com,3,04/09/2018
Datbu.com,6.5,05/09/2018
Mmtimes.com,1.8,06/09/2018
Ad.plus,3.3,07/09/2018
Nainglinn.com,4.7,08/09/2018
Dica.gov.mm,3.4,09/09/2018
Mmsubtitles.co,9.8,10/09/2018
Hiinnommaww.site,2.2,11/09/2018
Onlinekhabar.com,3.44,12/09/2018
Ekantipur.com,2.46,13/09/2018
Ratopati.com,3.6,14/09/2018
Cdsc.com.np,6,15/09/2018
Osnepal.com,1.9,16/09/2018
Sancharkendra.com,5.6,17/09/2018
Setopati.com,2.56,18/09/2018
News24nepal.tv,1.8,19/09/2018
Dainikonline.com,3.1,20/09/2018
Nagariknetwork.com,2.2,21/09/2018
Hamropatro.com,7.8,22/09/2018
Ktmdainik.com,7,23/09/2018
Mediadabali.com,3.5,24/09/2018
Gorkhalikhabar.com,3.4,25/09/2018
Praharnews.com,2.7,26/09/2018
Nepalipaisa.com,3,27/09/2018
Merolagani.com,4.9,28/09/2018
Nepsetms.com.np,6.8,29/09/2018
Khabarhub.com,4.1,30/09/2018
Nepalstock.com,4.8,01/10/2018
Bizshala.com,2.1,02/10/2018
Reportersnepal.com,3.7,03/10/2018
Sharesansar.com,3.5,04/10/2018
Daraz.com.np,7.46,05/10/2018
Annapurnapost.com,2.61,06/10/2018
Nepalkhabar.com,2.59,07/10/2018
Imagekhabar.com,3.25,08/10/2018
Ujyaaloonline.com,3.68,09/10/2018
Esewa.com.np,4.9,10/10/2018
Deshsanchar.com,3.36,11/10/2018
Merojob.com,8.3,12/10/2018
Bizpati.com,3.1,13/10/2018
Connectips.com,6.7,14/10/2018
Prasashan.com,3.75,15/10/2018
Nayapatrikadaily.com,2.3,16/10/2018
Google.com.np,5.5,17/10/2018
Onlinemarg.com,4.5,18/10/2018
Koshionline.com,4.6,19/10/2018
Lokaantar.com,2.2,20/10/2018
Google.nl,3.01,21/10/2018
Olx.ua,9.59,22/10/2018
Google.com.ua,4.34,23/10/2018
Nu.nl,2.5,24/10/2018
Rutor.info,9.36,25/10/2018
Nos.nl,3.4,26/10/2018
Skladchik.com,16,27/10/2018
Marktplaats.nl,4.7,28/10/2018
Digid.nl,3.5,29/10/2018
Vkmag.com,2.5,30/10/2018
Dumpert.nl,1.9,31/10/2018
Gismeteo.ua,2.44,01/11/2018
Championat.com,3.31,02/11/2018
Avito.ru,10.2,03/11/2018
Surfconext.nl,1.3,04/11/2018
Amazon.nl,4.6,05/11/2018
Spankbang.com,10.9,06/11/2018
Livejournal.com,2.84,07/11/2018
Trademe.co.nz,8.95,08/11/2018
Google.co.nz,9.53,09/11/2018
Nzherald.co.nz,2.52,10/11/2018
Stuff.co.nz,3.28,11/11/2018
Asb.co.nz,7.33,12/11/2018
Anz.co.nz,6.2,13/11/2018
Newzealandgirls.co.nz,8.8,14/11/2018
Seek.co.nz,6.63,15/11/2018
Westpac.co.nz,5.03,16/11/2018
Nzpost.co.nz,3.23,17/11/2018
Kiwibank.co.nz,7.8,18/11/2018
Ird.govt.nz,11,19/11/2018
Pbtech.co.nz,4.7,20/11/2018
Tvnz.co.nz,2.6,21/11/2018
Sharesies.nz,5.4,22/11/2018
Pinterest.nz,3.3,23/11/2018
Bnz.co.nz,4,24/11/2018
Spark.co.nz,2.7,25/11/2018
Metservice.com,2.2,26/11/2018
Nzta.govt.nz,5.9,27/11/2018
Skykiwi.com,15,28/11/2018
Xtra.co.nz,6,29/11/2018
Thewarehouse.co.nz,4.5,30/11/2018
Bet9ja.com,3.57,01/12/2018
Nairaland.com,7.12,02/12/2018
Legit.ng,5.35,03/12/2018
Jumia.com.ng,6.54,04/12/2018
Punchng.com,4.06,05/12/2018
Vanguardngr.com,2.44,06/12/2018
Gtbank.com,5.84,07/12/2018
Dailypost.ng,3.1,08/12/2018
Jiji.ng,5.9,09/12/2018
Lindaikejisblog.com,5.02,10/12/2018
Google.com.ng,6.32,11/12/2018
Thenationonlineng.net,3.07,12/12/2018
Tooxclusive.com,3.77,13/12/2018
Paystack.com,5.17,14/12/2018
Naijaloaded.com.ng,3.51,15/12/2018
Cac.gov.ng,6.28,16/12/2018
9jaflaver.com,2.6,17/12/2018
Premiumtimesng.com,1.8,18/12/2018
Channelstv.com,3.19,19/12/2018
Thenetnaija.com,6.88,20/12/2018
Vg.no,2.41,21/12/2018
Nrk.no,2.23,22/12/2018
Finn.no,3.4,23/12/2018
Dagbladet.no,2.5,24/12/2018
Tv2.no,2.1,25/12/2018
Difi.no,2.4,26/12/2018
Feide.no,1.3,27/12/2018
Komplett.no,4.2,28/12/2018
Google.no,2.3,29/12/2018
E24.no,1.7,30/12/2018
Dnb.no,4.2,31/12/2018
Aftenposten.no,1.6,01/01/2019
Nav.no,3.6,02/01/2019
Nordnet.no,4.2,03/01/2019
Viaplay.no,1.7,04/01/2019
Yr.no,1.7,05/01/2019
Vgtv.no,1.3,06/01/2019
Vglive.no,1.4,07/01/2019
Discoveryplus.no,2,08/01/2019
Tek.no,1.3,09/01/2019
Zalando.no,5,10/01/2019
Adressa.no,1.7,11/01/2019
Runescape.wiki,7.54,12/01/2019
Crunchyroll.com,4.78,13/01/2019
Gamer.no,8.1,14/01/2019
Moe.gov.om,3.26,15/01/2019
Atheer.om,1.6,16/01/2019
Watanserb.com,6,17/01/2019
Alroya.om,1.8,18/01/2019
Google.com.om,5,19/01/2019
Wordwall.net,3.59,20/01/2019
Bankmuscatonline.com,8.1,21/01/2019
Olx.com.om,6.6,22/01/2019
Ita.gov.om,4.5,23/01/2019
Squ.edu.om,6.4,24/01/2019
Pamr.gov.om,6.1,25/01/2019
Rop.gov.om,5.9,26/01/2019
Liveworksheets.com,3.56,27/01/2019
Manpower.gov.om,6.2,28/01/2019
Eldorar.com,5.3,29/01/2019
Shabiba.com,4.3,30/01/2019
Nss.gov.om,4,31/01/2019
Wisal.fm,1,01/02/2019
Google.com.pk,5.66,02/02/2019
Hamariweb.com,2.78,03/02/2019
Urdupoint.com,3.14,04/02/2019
Daraz.pk,9.2,05/02/2019
Olx.com.pk,8.79,06/02/2019
Dawn.com,2.32,07/02/2019
Express.pk,4.5,08/02/2019
Arynews.tv,3.3,09/02/2019
Dailypakistan.com.pk,4.5,10/02/2019
Dunyanews.tv,2.5,11/02/2019
Tribune.com.pk,2.65,12/02/2019
Pakwheels.com,8.22,13/02/2019
Upwork.com,11.6,14/02/2019
Vu.edu.pk,7.35,15/02/2019
Jang.com.pk,9.39,16/02/2019
Speedtest.net,2,17/02/2019
Whatmobile.com.pk,4.4,18/02/2019
Zameen.com,7.98,19/02/2019
Alwatanvoice.com,2.1,20/02/2019
Maannews.net,2.2,21/02/2019
Alfajertv.com,3,22/02/2019
Google.ps,5.07,23/02/2019
Samanews.ps,1.6,24/02/2019
Wattan.net,2.2,25/02/2019
Palsawa.com,1.3,26/02/2019
Paltoday.ps,2.6,27/02/2019
Google.com.sa,6.66,28/02/2019
Iugaza.edu.ps,2.2,01/03/2019
Paltimeps.ps,2.9,02/03/2019
Raya.ps,2.8,03/03/2019
Bop.ps,6.8,04/03/2019
Investing.com,3.39,05/03/2019
Qudsnet.com,1.2,06/03/2019
Bgeneral.com,9.88,07/03/2019
Tvn-2.com,3.5,08/03/2019
Telemetro.com,12,09/03/2019
Prensa.com,2.2,10/03/2019
Laestrella.com.pa,4.9,11/03/2019
Midiario.com,1.9,12/03/2019
Bitban.com,29,13/03/2019
Elsiglo.com.pa,3.2,14/03/2019
Quickservicepanama.com,8.8,15/03/2019
Panamasolidario.gob.pa,2.9,16/03/2019
Google.com.pa,5.4,17/03/2019
Panamaamerica.com.pa,1.9,18/03/2019
Banesco.com.pa,3.4,19/03/2019
Intcomex.com,5.8,20/03/2019
Google.com.pe,6.16,21/03/2019
Sunat.gob.pe,4.31,22/03/2019
Www.gob.pe,1.97,23/03/2019
Elcomercio.pe,1.79,24/03/2019
Mercadolibre.com.pe,7.64,25/03/2019
Viabcp.com,4.17,26/03/2019
Rpp.pe,1.8,27/03/2019
Larepublica.pe,2.34,28/03/2019
Minedu.gob.pe,2.7,29/03/2019
Gestion.pe,1.7,30/03/2019
Pj.gob.pe,5.11,31/03/2019
Bbva.pe,4.9,01/04/2019
Bn.com.pe,3,02/04/2019
Doradobet.com,1.5,03/04/2019
Computrabajo.com.pe,6.9,04/04/2019
Falabella.com.pe,5.2,05/04/2019
Sodimac.com.pe,4,06/04/2019
Interbank.pe,5.3,07/04/2019
Abs-cbn.com,1.83,08/04/2019
Inquirer.net,1.96,09/04/2019
Gmanetwork.com,2.3,10/04/2019
Shopee.ph,7.39,11/04/2019
Lazada.com.ph,7.08,12/04/2019
Google.com.ph,8.02,13/04/2019
Rappler.com,1.3,14/04/2019
Indaytrending.com,3.8,15/04/2019
Kissasian.sh,5.99,16/04/2019
Sss.gov.ph,6,17/04/2019
Investagrams.com,5.3,18/04/2019
Brainly.ph,5.22,19/04/2019
Mydramalist.com,5.49,20/04/2019
Messenger.com,3.58,21/04/2019
Colfinancial.com,3.89,22/04/2019
Slack.com,7.59,23/04/2019
Bdo.com.ph,4.41,24/04/2019
Onlinejobs.ph,10.5,25/04/2019
Google.pl,3.21,26/04/2019
Allegro.pl,5.93,27/04/2019
Wp.pl,3.28,28/04/2019
Olx.pl,6.43,29/04/2019
Onet.pl,2.16,30/04/2019
Interia.pl,3.43,01/05/2019
Cda.pl,5.03,02/05/2019
Gazeta.pl,1.81,03/05/2019
O2.pl,1.92,04/05/2019
Wiocha.pl,5.5,05/05/2019
Otomoto.pl,7,06/05/2019
Librus.pl,9.08,07/05/2019
Ipko.pl,2.4,08/05/2019
Joemonster.org,5.8,09/05/2019
Wykop.pl,5.1,10/05/2019
Ceneo.pl,2.1,11/05/2019
Filmweb.pl,3.1,12/05/2019
Mbank.pl,3.8,13/05/2019
Gumtree.pl,4.1,14/05/2019
Vulcan.net.pl,5.1,15/05/2019
Tvp.pl,2.4,16/05/2019
Pracuj.pl,5.1,17/05/2019
Centrum24.pl,7.2,18/05/2019
Pz.gov.pl,3.2,19/05/2019
Mediaexpert.pl,3.3,20/05/2019
Pepper.pl,3,21/05/2019
Login.gov.pl,1.9,22/05/2019
Euro.com.pl,2.9,23/05/2019
Money.pl,1.4,24/05/2019
Www.gov.pl,2.4,25/05/2019
Kwejk.pl,7.3,26/05/2019
Bankmillennium.pl,5.3,27/05/2019
Google.pt,3.22,28/05/2019
Sapo.pt,3.3,29/05/2019
Olx.pt,6.8,30/05/2019
Portaldasfinancas.gov.pt,5.8,31/05/2019
Cgd.pt,6,01/06/2019
Abola.pt,12,02/06/2019
Acesso.gov.pt,3,03/06/2019
Seg-social.pt,5.7,04/06/2019
Iol.pt,1.8,05/06/2019
Jn.pt,2.5,06/06/2019
Santander.pt,4.2,07/06/2019
Rtp.pt,2.8,08/06/2019
Record.pt,2.1,09/06/2019
Meo.pt,2.4,10/06/2019
Mrpiracy.top,3.8,11/06/2019
Worten.pt,2.7,12/06/2019
Cmjornal.pt,1.9,13/06/2019
Ipma.pt,1.9,14/06/2019
Idealista.pt,6.4,15/06/2019
Publico.pt,1.8,16/06/2019
Bancomontepio.pt,11,17/06/2019
Amazon.es,5.47,18/06/2019
Kuantokusta.pt,2.3,19/06/2019
Jogossantacasa.pt,3.7,20/06/2019
Millenniumbcp.pt,4.6,21/06/2019
Mangainn.net,9.2,22/06/2019
Up.pt,2.8,23/06/2019
Apartadox.com,10,24/06/2019
Myanimelist.net,4.87,25/06/2019
Pr.gov,7,26/06/2019
Upr.edu,3.2,27/06/2019
Bancopopular.com,5,28/06/2019
Elgenero.com,3.4,29/06/2019
Clasificadosonline.com,4.7,30/06/2019
Bbbsports.com,18,01/07/2019
Usps.com,2.55,02/07/2019
Elnuevodia.com,3,03/07/2019
Popular.com,1.5,04/07/2019
Zillow.com,8.25,05/07/2019
Google.com.pr,3,06/07/2019
Airbnb.com,16,07/07/2019
Primerahora.com,2.8,08/07/2019
Uprm.edu,5.6,09/07/2019
Xpsshipper.com,16,10/07/2019
Point2homes.com,11.6,11/07/2019
Blackboard.com,5.5,12/07/2019
Qatarliving.com,8.19,13/07/2019
Google.com.qa,6.22,14/07/2019
Hardees.qa,7.9,15/07/2019
Thepeninsulaqatar.com,8.4,16/07/2019
Moi.gov.qa,5.9,17/07/2019
Mzadqatar.com,13,18/07/2019
Manateq.qa,7.9,19/07/2019
Jollibeedelivery.qa,7.9,20/07/2019
Nas.gov.qa,4.5,21/07/2019
Www.gov.qa,3.7,22/07/2019
Luluhypermarket.com,3.73,23/07/2019
Ooredoo.qa,4.8,24/07/2019
Gulf-times.com,2.7,25/07/2019
Qatarairways.com,4.2,26/07/2019
Qu.edu.qa,8,27/07/2019
Google.ro,3.64,28/07/2019
Olx.ro,6.41,29/07/2019
Emag.ro,5.27,30/07/2019
Filelist.io,3.1,31/07/2019
Filmeserialeonline.org,6.5,01/08/2019
Gov.ro,2.9,02/08/2019
Autovit.ro,4.8,03/08/2019
Flashscore.ro,5.1,04/08/2019
Digi24.ro,1.7,05/08/2019
Publi24.ro,7.3,06/08/2019
Hotnews.ro,1.8,07/08/2019
Betano.com,1.5,08/08/2019
Edu.ro,2.9,09/08/2019
Digisport.ro,3.1,10/08/2019
Playtech.ro,1.4,11/08/2019
Libertatea.ro,1.4,12/08/2019
Booking.com,5.05,13/08/2019
Btrl.ro,1.5,14/08/2019
Ing.ro,1.6,15/08/2019
Eon.ro,3.4,16/08/2019
Gsp.ro,3.2,17/08/2019
Adevarul.ro,1.6,18/08/2019
Homebank.ro,1.2,19/08/2019
Vezionline.net,3.8,20/08/2019
Anaf.ro,5.6,21/08/2019
Gosuslugi.ru,4.16,22/08/2019
Sberbank.ru,5.59,23/08/2019
Ozon.ru,3.46,24/08/2019
Uchi.ru,15.6,25/08/2019
Ria.ru,1.92,26/08/2019
Drom.ru,10.9,27/08/2019
Rbc.ru,1.75,28/08/2019
Dnevnik.ru,4.72,29/08/2019
Consultant.ru,4.31,30/08/2019
Hh.ru,6.41,31/08/2019
Nalog.ru,3.08,01/09/2019
Mos.ru,5.3,02/09/2019
Sbrf.ru,2.19,03/09/2019
Mirconnect.ru,3.24,04/09/2019
Mk.ru,1.65,05/09/2019
Lordfilms-s.pw,1.78,06/09/2019
Kp.ru,1.38,07/09/2019
Sdamgia.ru,2.85,08/09/2019
Mosreg.ru,5.27,09/09/2019
Tinkoff.ru,3.23,10/09/2019
2gis.ru,2.14,11/09/2019
Gdz.ru,4.47,12/09/2019
Yoomoney.ru,3.66,13/09/2019
Gazeta.ru,1.53,14/09/2019
Sabq.org,2.27,15/09/2019
Madrasati.sa,7.35,16/09/2019
Absher.sa,17.2,17/09/2019
Almubasher.com.sa,9.5,18/09/2019
Iam.gov.sa,3.21,19/09/2019
Okaz.com.sa,2.2,20/09/2019
Argaam.com,5.98,21/09/2019
Amazon.sa,8.8,22/09/2019
Haraj.com.sa,15.2,23/09/2019
Noon.com,8.68,24/09/2019
Alahlionline.com,6.57,25/09/2019
Moe.gov.sa,6.03,26/09/2019
Jarir.com,4.49,27/09/2019
Moj.gov.sa,7.28,28/09/2019
Classera.com,11.9,29/09/2019
Alinma.com,8.77,30/09/2019
Mol.gov.sa,6.39,01/10/2019
Mhtwyat.com,2.51,02/10/2019
Seneweb.com,2.9,03/10/2019
Senego.com,3.1,04/10/2019
Sanslimitesn.com,12,05/10/2019
Dakaractu.com,2,06/10/2019
Leral.net,5.9,07/10/2019
Senegal7.com,3.3,08/10/2019
Uvs.sn,8.2,09/10/2019
Google.sn,4.5,10/10/2019
Wiwsport.com,5.5,11/10/2019
Igfm.sn,3.3,12/10/2019
Premierbet.sn,1.3,13/10/2019
Passorange.sn,2.4,14/10/2019
Diplomatie.gouv.fr,2.4,15/10/2019
Emedia.sn,2.4,16/10/2019
Orange.sn,5.1,17/10/2019
Expat-dakar.com,4.5,18/10/2019
Buzzsenegal.com,2.2,19/10/2019
Jumia.sn,3.6,20/10/2019
Waneotech.com,13,21/10/2019
Notrecontinent.com,1.3,22/10/2019
Aps.sn,2.4,23/10/2019
Lws.fr,6.2,24/10/2019
Campusfrance.org,2.5,25/10/2019
Xalimasn.com,6.8,26/10/2019
Dakarbuzz.net,2.5,27/10/2019
Senenews.com,1.6,28/10/2019
Loozap.com,2.4,29/10/2019
Sec.gouv.sn,2.8,30/10/2019
Footmercato.net,3.3,31/10/2019
Lequipe.fr,2.4,01/11/2019
Google.rs,8.53,02/11/2019
Kupujemprodajem.com,11.2,03/11/2019
Blic.rs,3.29,04/11/2019
Polovniautomobili.com,8.92,05/11/2019
Nova.rs,3.48,06/11/2019
Tehnomedia.rs,3.5,07/11/2019
Halooglasi.com,5.19,08/11/2019
Telegraf.rs,2.11,09/11/2019
Novosti.rs,2.5,10/11/2019
Oglasi.rs,6.6,11/11/2019
Rgz.gov.rs,5.13,12/11/2019
Mondo.rs,2.88,13/11/2019
Eon.tv,6.06,14/11/2019
Danas.rs,2.12,15/11/2019
Gigatron.rs,4.24,16/11/2019
Alo.rs,2.3,17/11/2019
Rts.rs,3.23,18/11/2019
Nekretnine.rs,7,19/11/2019
Objektiv.rs,2,20/11/2019
013info.rs,22,21/11/2019
Bancaintesa.rs,4.26,22/11/2019
Shopee.sg,8.61,23/11/2019
Carousell.sg,6.19,24/11/2019
Singpass.gov.sg,1.69,25/11/2019
Straitstimes.com,1.69,26/11/2019
Channelnewsasia.com,1.9,27/11/2019
Nus.edu.sg,8.94,28/11/2019
Propertyguru.com.sg,7.59,29/11/2019
Ntu.edu.sg,7.18,30/11/2019
Ocbc.com,3.75,01/12/2019
Amazon.sg,6.53,02/12/2019
Uob.com.sg,6.48,03/12/2019
Hardwarezone.com.sg,6.34,04/12/2019
Cpf.gov.sg,8.2,05/12/2019
Mothership.sg,1.62,06/12/2019
Google.sk,3.4,07/12/2019
Edupage.org,3.35,08/12/2019
Zoznam.sk,3.7,09/12/2019
Aktuality.sk,3.2,10/12/2019
Sme.sk,2.6,11/12/2019
Bazos.sk,7.9,12/12/2019
Topky.sk,2.8,13/12/2019
Cas.sk,6,14/12/2019
Azet.sk,3.6,15/12/2019
Alza.sk,5,16/12/2019
Shmu.sk,4.2,17/12/2019
Slsp.sk,3.2,18/12/2019
Pluska.sk,4,19/12/2019
Heureka.sk,2.9,20/12/2019
Centrum.sk,2.3,21/12/2019
Gov.sk,2.2,22/12/2019
Uniba.sk,4.7,23/12/2019
Pravda.sk,2.6,24/12/2019
Dennikn.sk,1.9,25/12/2019
Sledujserialy.to,3.6,26/12/2019
Slovake.eu,14,27/12/2019
Hlavnespravy.sk,8.9,28/12/2019
Rtvs.sk,2.4,29/12/2019
Nehnutelnosti.sk,6.2,30/12/2019
Tatrabanka.sk,2.2,31/12/2019
Profesia.sk,6.4,01/01/2020
Mall.sk,3.3,02/01/2020
Ibm.com,3.92,03/01/2020
Ulozto.sk,3.7,04/01/2020
Unipo.sk,7.2,05/01/2020
Shutterstock.com,6.92,06/01/2020
Tipos.sk,1.7,07/01/2020
Google.co.za,6.77,08/01/2020
Dstv.com,3.47,09/01/2020
Fnb.co.za,2.91,10/01/2020
Takealot.com,6.24,11/01/2020
Property24.com,11.9,12/01/2020
Gumtree.co.za,5.88,13/01/2020
News24.com,2.2,14/01/2020
Fakaza.com,4.4,15/01/2020
Briefly.co.za,2.2,16/01/2020
Unisa.ac.za,8.43,17/01/2020
Showmax.com,3.4,18/01/2020
Standardbank.co.za,5.8,19/01/2020
Absa.co.za,4.2,20/01/2020
Betway.co.za,3.98,21/01/2020
Sageone.co.za,7.93,22/01/2020
Privateproperty.co.za,9.4,23/01/2020
Payfast.co.za,4.2,24/01/2020
Iol.co.za,2.01,25/01/2020
Nedbank.co.za,3.86,26/01/2020
Nedsecure.co.za,2.25,27/01/2020
Zenoti.com,7.41,28/01/2020
Www.gov.za,4.7,29/01/2020
Kakao.com,4.61,30/01/2020
Google.co.kr,5.19,31/01/2020
Coupang.com,7.46,01/02/2020
Dcinside.com,3.75,02/02/2020
Hometax.go.kr,4,03/02/2020
Donga.com,7.37,04/02/2020
Gmarket.co.kr,4.91,05/02/2020
Afreecatv.com,14.2,06/02/2020
Fmkorea.com,11.7,07/02/2020
Ppomppu.co.kr,8.93,08/02/2020
Chosun.com,1.64,09/02/2020
Inven.co.kr,5.82,10/02/2020
Yna.co.kr,3.53,11/02/2020
Nexon.com,5.19,12/02/2020
Danawa.com,5.84,13/02/2020
Ruliweb.com,8.74,14/02/2020
Auction.co.kr,4.99,15/02/2020
Elpais.com,1.75,16/02/2020
Juntadeandalucia.es,4.1,17/02/2020
As.com,2.13,18/02/2020
Caixabank.es,3.7,19/02/2020
Elmundo.es,1.9,20/02/2020
Lavanguardia.com,1.76,21/02/2020
Sport.es,2.2,22/02/2020
Bancsabadell.com,7.2,23/02/2020
Milanuncios.com,3.3,24/02/2020
Movistarplus.es,3.7,25/02/2020
Bancosantander.es,2.6,26/02/2020
Gencat.cat,4,27/02/2020
Abc.es,1.7,28/02/2020
Rtve.es,2.1,29/02/2020
Mundodeportivo.com,2.5,01/03/2020
Bbva.es,2.2,02/03/2020
Clave.gob.es,2.7,03/03/2020
Gva.es,4.2,04/03/2020
Seg-social.gob.es,3.9,05/03/2020
Idealista.com,5.9,06/03/2020
Elcorteingles.es,5.4,07/03/2020
Agenciatributaria.gob.es,7.6,08/03/2020
Wallapop.com,3.1,09/03/2020
Xunta.gal,4.4,10/03/2020
Google.lk,7.76,11/03/2020
Ikman.lk,10.2,12/03/2020
Hirufm.lk,3.95,13/03/2020
Daraz.lk,7.16,14/03/2020
Hirunews.lk,4.21,15/03/2020
Gossiplankanews.com,3.72,16/03/2020
Tamilwin.com,3.5,17/03/2020
Adaderana.lk,3.41,18/03/2020
Slt.lk,2.58,19/03/2020
Commercialbk.com,5.34,20/03/2020
Jvpnews.com,3.4,21/03/2020
Lankacnews.com,4.54,22/03/2020
Sampathvishwa.com,1.5,23/03/2020
Cmb.ac.lk,2.66,24/03/2020
Dialog.lk,4.33,25/03/2020
Topjobs.lk,5.04,26/03/2020
Baiscopelk.com,3.1,27/03/2020
Lankasri.com,2.5,28/03/2020
Ibctamil.com,3.7,29/03/2020
Lankadeepa.lk,2.73,30/03/2020
Elakiri.com,15,31/03/2020
Gossip-lankanews.com,3.4,01/04/2020
Sudannews365.org,1,02/04/2020
Sudanakhbar.com,6.1,03/04/2020
Alrakoba.net,5.6,04/04/2020
Alnilin.com,4.6,05/04/2020
Cloudns.io,9.5,06/04/2020
Ultrasawt.com,7.3,07/04/2020
Suna-news.net,3.5,08/04/2020
Wevrlabs.net,18,09/04/2020
Doubleclick.net,1.88,10/04/2020
Sudanjob.net,2.1,11/04/2020
Unityhighschool.org,5.7,12/04/2020
Zazzle.com,4.61,13/04/2020
Autowini.com,15,14/04/2020
Akhbaralsudan.com,7.8,15/04/2020
Adengd.net,12,16/04/2020
Egybest.zone,5.7,17/04/2020
24.ae,8,18/04/2020
Spa.gov.sa,6,19/04/2020
Exe.app,2.94,20/04/2020
Zainblue.com,9.8,21/04/2020
Torrentleech.org,3.8,22/04/2020
Alintibaha.net,4.3,23/04/2020
Google.se,2.23,24/04/2020
Vklass.se,3.2,25/04/2020
Aftonbladet.se,1.64,26/04/2020
Svt.se,2.7,27/04/2020
Blocket.se,2.6,28/04/2020
Avanza.se,3.8,29/04/2020
Hemnet.se,4.1,30/04/2020
Kth.se,3.2,01/05/2020
Funktionstjanster.se,4.2,02/05/2020
Expressen.se,1.8,03/05/2020
Svtplay.se,1.3,04/05/2020
Swedbank.se,2.4,05/05/2020
Rarbg.to,4.79,06/05/2020
Arbetsformedlingen.se,4.1,07/05/2020
Tradera.com,4.4,08/05/2020
Viaplay.se,1.5,09/05/2020
Hitta.se,2.4,10/05/2020
Ikea.com,7.11,11/05/2020
Ica.se,2.1,12/05/2020
Warcraftlogs.com,6.02,13/05/2020
Elgiganten.se,3.2,14/05/2020
1177.se,4,15/05/2020
Dn.se,2.1,16/05/2020
Worldofwarcraft.com,3.23,17/05/2020
Sweclockers.com,2.2,18/05/2020
Google.ch,8.68,19/05/2020
Digitec.ch,6.28,20/05/2020
20min.ch,2.96,21/05/2020
Admin.ch,2.8,22/05/2020
Ricardo.ch,9.42,23/05/2020
Galaxus.ch,5.97,24/05/2020
Ubs.com,7.47,25/05/2020
Postfinance.ch,3.27,26/05/2020
Blick.ch,2.7,27/05/2020
Srf.ch,3.1,28/05/2020
Post.ch,6.3,29/05/2020
Bluewin.ch,5.2,30/05/2020
Infomaniak.com,10.8,31/05/2020
Raiffeisen.ch,7.9,01/06/2020
Bexio.com,17,02/06/2020
Tutti.ch,5.4,03/06/2020
Zattoo.com,8.8,04/06/2020
Swissquote.ch,5.7,05/06/2020
Sana.sy,4.9,06/06/2020
Svuonline.org,5,07/06/2020
Sp-today.com,1.2,08/06/2020
Ortas.online,7,09/06/2020
Sputniknews.com,3.15,10/06/2020
Onclicksuper.com,1,11/06/2020
Linkonclick.com,1,12/06/2020
Ainpedia.com,13,13/06/2020
Shahid4u.onl,5.37,14/06/2020
Alalamtv.net,4.2,15/06/2020
Almayadeen.net,2.5,16/06/2020
Shaamtimes.net,3.9,17/06/2020
Almaany.com,3.75,18/06/2020
Sic-eclaim.com,3.5,19/06/2020
Inet.sy,22,20/06/2020
Uptodown.com,2.07,21/06/2020
Blastcahs.com,1.4,22/06/2020
Ortas.sy,3.9,23/06/2020
Momoshop.com.tw,3.39,24/06/2020
Setn.com,1.36,25/06/2020
Google.com.tw,8.46,26/06/2020
Dcard.tw,3.38,27/06/2020
Shopee.tw,7.62,28/06/2020
104.com.tw,6.07,29/06/2020
Nownews.com,9.25,30/06/2020
Ebc.net.tw,1.58,01/07/2020
Pchome.com.tw,6.5,02/07/2020
Udn.com,2.73,03/07/2020
Gamer.com.tw,3.08,04/07/2020
Ptt.cc,3.6,05/07/2020
Storm.mg,1.7,06/07/2020
Edh.tw,2.1,07/07/2020
Cmoney.tw,3.41,08/07/2020
Jkforum.net,6.4,09/07/2020
Biggo.com.tw,2.6,10/07/2020
Kknews.cc,1.59,11/07/2020
Ruten.com.tw,2.71,12/07/2020
Cna.com.tw,2.6,13/07/2020
Businessweekly.com.tw,2.44,14/07/2020
Mobile01.com,1.79,15/07/2020
Newtalk.tw,2.5,16/07/2020
Popdaily.com.tw,2,17/07/2020
Businesstoday.com.tw,2.1,18/07/2020
Beauty321.com,2.7,19/07/2020
Ltn.com.tw,2.3,20/07/2020
Yahoo.com.tw,2.68,21/07/2020
Feebee.com.tw,1.76,22/07/2020
Tra.go.tz,8.5,23/07/2020
Necta.go.tz,8.8,24/07/2020
Jamiiforums.com,13,25/07/2020
Ega.go.tz,16,26/07/2020
Sportpesa.co.tz,5.5,27/07/2020
Mabumbe.com,3.6,28/07/2020
Djmwanga.com,3.8,29/07/2020
Citimuzik.com,12,30/07/2020
Premierbet.co.tz,1.3,31/07/2020
Millardayo.com,2.8,01/08/2020
Sofascore.com,3.77,02/08/2020
Google.co.tz,2.5,03/08/2020
Cloudsmediatz.com,8.6,04/08/2020
Ajira.go.tz,7.1,05/08/2020
Out.ac.tz,5.1,06/08/2020
Tamisemi.go.tz,3.1,07/08/2020
Betika.co.tz,1.2,08/08/2020
Udsm.ac.tz,7,09/08/2020
Gov.go.tz,6.3,10/08/2020
Goal.com,2.52,11/08/2020
Brela.go.tz,5.2,12/08/2020
Hearthis.at,3.7,13/08/2020
Ajirayako.co.tz,4.4,14/08/2020
Betpawa.co.tz,3,15/08/2020
Tripadvisor.com,3.41,16/08/2020
Buenotraffic.com,1,17/08/2020
Google.co.th,6.13,18/08/2020
Shopee.co.th,7.95,19/08/2020
Lazada.co.th,7.79,20/08/2020
Pantip.com,2.93,21/08/2020
Sanook.com,2.57,22/08/2020
Kapook.com,3.05,23/08/2020
Line.biz,12.3,24/08/2020
Thairath.co.th,1.86,25/08/2020
Moph.go.th,4.16,26/08/2020
Mgronline.com,2.95,27/08/2020
Settrade.com,5.96,28/08/2020
Trueid.net,1.81,29/08/2020
037hdmovie.com,4.15,30/08/2020
Viu.com,2.58,31/08/2020
678moviehd.com,4.37,01/09/2020
Rd.go.th,6.27,02/09/2020
123-hd.com,4.51,03/09/2020
Longdo.com,2.8,04/09/2020
Bangkokbiznews.com,1.46,05/09/2020
Kaidee.com,4.96,06/09/2020
Khaosod.co.th,2.13,07/09/2020
Kasikornbank.com,3.07,08/09/2020
Animekimi.com,6.12,09/09/2020
Set.or.th,4.52,10/09/2020
Sweettntmagazine.com,8.2,11/09/2020
Republictt.com,5.3,12/09/2020
Google.tt,3.2,13/09/2020
Csfcouriersltd.com,15,14/09/2020
Firstcitizenstt.net,3.1,15/09/2020
Chutneymusic.com,12,16/09/2020
Moe.gov.tt,3,17/09/2020
Soccerway.com,5.75,18/09/2020
Mxc.com,4.11,19/09/2020
Vipboxtv.se,3.9,20/09/2020
Firstcitizenstt.com,1.4,21/09/2020
Asti.education,15,22/09/2020
Wellsfargo.com,7.55,23/09/2020
Skimlinks.com,4.22,24/09/2020
Mosaiquefm.net,3.1,25/09/2020
Nessma.tv,2.8,26/09/2020
Google.tn,7.4,27/09/2020
Attessia.tv,1.6,28/09/2020
Babnet.net,7.5,29/09/2020
Elhiwarettounsi.com,1.6,30/09/2020
Tunisienumerique.com,4.2,01/10/2020
Tayara.tn,9.83,02/10/2020
Jumia.com.tn,6.41,03/10/2020
Mytek.tn,6.99,04/10/2020
Tunisia-sat.com,7.08,05/10/2020
Businessnews.com.tn,2.2,06/10/2020
Alchourouk.com,3.8,07/10/2020
Tuniscope.com,3.3,08/10/2020
Kapitalis.com,6.4,09/10/2020
Tunisianet.com.tn,3.4,10/10/2020
Ovh.net,2.8,11/10/2020
Shemsfm.net,2.2,12/10/2020
Tanitjobs.com,5.5,13/10/2020
Google.com.tr,7.23,14/10/2020
Sahibinden.com,17.8,15/10/2020
Turkiye.gov.tr,3.97,16/10/2020
Ensonhaber.com,4.77,17/10/2020
Hurriyet.com.tr,6.43,18/10/2020
Eba.gov.tr,7.37,19/10/2020
Milliyet.com.tr,11.8,20/10/2020
Memurlar.net,3.98,21/10/2020
Hepsiburada.com,7.34,22/10/2020
Sporx.com,3.28,23/10/2020
Kizlarsoruyor.com,3.32,24/10/2020
Sozcu.com.tr,4.44,25/10/2020
Yeniakit.com.tr,4.32,26/10/2020
Mynet.com,6.36,27/10/2020
Meb.gov.tr,4.59,28/10/2020
Eksisozluk.com,5.65,29/10/2020
Yenisafak.com,1.84,30/10/2020
N11.com,6.84,31/10/2020
Sabah.com.tr,3.12,01/11/2020
Haberturk.com,4.63,02/11/2020
Haberler.com,4.18,03/11/2020
Trthaber.com,3.92,04/11/2020
Haber7.com,9.57,05/11/2020
Yemeksepeti.com,7.03,06/11/2020
Kitapsec.com,6.19,07/11/2020
Gittigidiyor.com,5.43,08/11/2020
Neoldu.com,2.79,09/11/2020
Ukr.net,2.08,10/11/2020
Rozetka.com.ua,3.64,11/11/2020
Privatbank.ua,2.53,12/11/2020
Prom.ua,3.77,13/11/2020
Privat24.ua,1.67,14/11/2020
Ria.com,7.87,15/11/2020
Sinoptik.ua,1.66,16/11/2020
I.ua,4.27,17/11/2020
Kinokrad.co,3.69,18/11/2020
104.ua,3.5,19/11/2020
Fwdcdn.com,1.36,20/11/2020
Rada.gov.ua,2.58,21/11/2020
Work.ua,7.6,22/11/2020
Kino-teatr.ru,1.94,23/11/2020
Osvita.ua,1.98,24/11/2020
Epicentrk.ua,4.8,25/11/2020
Pravda.com.ua,2,26/11/2020
Megogo.net,1.7,27/11/2020
Novaposhta.ua,3.1,28/11/2020
Censor.net,3.2,29/11/2020
Obozrevatel.com,2.6,30/11/2020
Rst.ua,13,01/12/2020
Yandex.ua,1.9,02/12/2020
Google.ae,7.2,03/12/2020
Amazon.ae,9.08,04/12/2020
Dubizzle.com,8.97,05/12/2020
Khaleejtimes.com,2.76,06/12/2020
Gulfnews.com,2.61,07/12/2020
Moe.gov.ae,6.15,08/12/2020
Etisalat.ae,3.64,09/12/2020
Bayut.com,4.34,10/12/2020
Arcot.com,1.2,11/12/2020
Propertyfinder.ae,6.72,12/12/2020
Emiratesnbd.com,2.43,13/12/2020
Google.co.uk,4.05,14/12/2020
Ebay.co.uk,5.56,15/12/2020
Theguardian.com,2.69,16/12/2020
Rightmove.co.uk,5.2,17/12/2020
Unilad.co.uk,1.4,18/12/2020
Virginmedia.com,3.7,19/12/2020
Bt.com,3.5,20/12/2020
Sky.com,1.82,21/12/2020
Argos.co.uk,3.2,22/12/2020
Hotukdeals.com,2.1,23/12/2020
Chase.com,7.56,24/12/2020
Nytimes.com,2.69,25/12/2020
Force.com,18.5,26/12/2020
Craigslist.org,8.38,27/12/2020
Salesforce.com,8.16,28/12/2020
Hulu.com,4.94,29/12/2020
Ca.gov,6.84,30/12/2020
Foxnews.com,2.6,31/12/2020
Fidelity.com,8.45,01/01/2021
Irs.gov,5,02/01/2021
Bestbuy.com,4.24,03/01/2021
Mercadolibre.com.uy,13.4,04/01/2021
Google.com.uy,5.15,05/01/2021
Brou.com.uy,4.05,06/01/2021
Elpais.com.uy,1.7,07/01/2021
Montevideo.com.uy,2.3,08/01/2021
Farmashop.com.uy,14,09/01/2021
Itaulink.com.uy,2.7,10/01/2021
Santander.com.uy,4.8,11/01/2021
Loi.com.uy,10,12/01/2021
Elobservador.com.uy,1.5,13/01/2021
Itau.com.uy,1.3,14/01/2021
Scotiabank.com.uy,5.2,15/01/2021
Subrayado.com.uy,2.2,16/01/2021
Mercadopago.com.uy,5.1,17/01/2021
Bps.gub.uy,5.1,18/01/2021
Bbva.com.uy,4.2,19/01/2021
Zetalibra.com,17,20/01/2021
Pedidosya.com.uy,5.7,21/01/2021
Slidemodel.com,5.8,22/01/2021
Www.gub.uy,2,23/01/2021
Antel.com.uy,4.3,24/01/2021
Sistarbanc.com.uy,3.3,25/01/2021
Sucive.gub.uy,3.3,26/01/2021
Nnet.com.uy,7.3,27/01/2021
Vera.com.uy,3.7,28/01/2021
Computrabajo.com.uy,5.4,29/01/2021
Buscojobs.com.uy,7.9,30/01/2021
Ovaciondigital.com.uy,1.7,31/01/2021
Olx.uz,10.2,01/02/2021
Soliq.uz,7.74,02/02/2021
Kun.uz,2.97,03/02/2021
Kundalik.com,7.14,04/02/2021
Esi.uz,1.2,05/02/2021
Lex.uz,3.8,06/02/2021
Soliqservis.uz,11.8,07/02/2021
Gov.uz,4.9,08/02/2021
Yandex.uz,1.74,09/02/2021
Daryo.uz,4.3,10/02/2021
Mover.uz,4.4,11/02/2021
Uzex.uz,14,12/02/2021
Edu.uz,6.2,13/02/2021
Qalampir.uz,3.5,14/02/2021
Google.co.uz,3,15/02/2021
Didox.uz,1.7,16/02/2021
Gazeta.uz,1.8,17/02/2021
Stadion.uz,5.1,18/02/2021
Hh.uz,6.6,19/02/2021
Allmovies.uz,4.3,20/02/2021
Nbu.uz,6,21/02/2021
Mehnat.uz,5,22/02/2021
Podrobno.uz,2.2,23/02/2021
Stat.uz,3,24/02/2021
Glotr.uz,2.9,25/02/2021
Championat.asia,2.6,26/02/2021
Norma.uz,1.8,27/02/2021
Novostinedeli24.com,2.55,28/02/2021
Mdm.uz,15,01/03/2021
Pmbet.uz,1.2,02/03/2021
Egov.uz,1.9,03/03/2021
Patria.org.ve,11,04/03/2021
Banvenez.com,2.95,05/03/2021
Google.co.ve,4.33,06/03/2021
Bancodevenezuela.com,1.12,07/03/2021
Banesconline.com,5.62,08/03/2021
Mercadolibre.com.ve,10.2,09/03/2021
Mercantilbanco.com,4.08,10/03/2021
Bicentenariobu.com,3.05,11/03/2021
Provincial.com,5.32,12/03/2021
Lapatilla.com,3.31,13/03/2021
Banesco.com,1.19,14/03/2021
Ojooo.com,36.3,15/03/2021
Neobux.com,4.14,16/03/2021
Bancadigitalbod.com,7.11,17/03/2021
Hzhongxing.cn,7.9,18/03/2021
Bnc.com.ve,3.84,19/03/2021
Longxuhuang.com,7.9,20/03/2021
Binance.com,7.66,21/03/2021
Laiguana.tv,4.1,22/03/2021
Bancaynegocios.com,1.7,23/03/2021
Seniat.gob.ve,9.2,24/03/2021
Bt.gob.ve,3.8,25/03/2021
Shopee.vn,10.2,26/03/2021
Google.com.vn,6,27/03/2021
Vnexpress.net,4.73,28/03/2021
Laodong.vn,1.96,29/03/2021
Thethao247.vn,2.1,30/03/2021
Vtv.vn,1.74,31/03/2021
24h.com.vn,6.65,01/04/2021
Kenh14.vn,4.7,02/04/2021
Zingnews.vn,6.84,03/04/2021
Animevnn.com,2,04/04/2021
Dantri.com.vn,4.05,05/04/2021
Tiki.vn,6.8,06/04/2021
Lazada.vn,7.44,07/04/2021
Cafef.vn,4.55,08/04/2021
Vietnamnet.vn,2.63,09/04/2021
Zalo.me,2.06,10/04/2021
Tuoitre.vn,2.57,11/04/2021
Vietcombank.com.vn,4.99,12/04/2021
Baomoi.com,3.43,13/04/2021
2banh.vn,1.9,14/04/2021
Phimmoizz.net,5.89,15/04/2021
Thanhnien.vn,2.17,16/04/2021
Quantrimang.com,1.47,17/04/2021
Sendo.vn,5.44,18/04/2021
Nettruyen.com,18.6,19/04/2021
Coccoc.com,1.34,20/04/2021
Xemphimplus.net,7,21/04/2021
Batdongsan.com.vn,6.35,22/04/2021
Wefinex.net,2,23/04/2021
Kiotviet.vn,6.68,24/04/2021
Chotot.com,8.96,25/04/2021
Soha.vn,4,26/04/2021
Voz.vn,19.1,27/04/2021
Giaohangtietkiem.vn,4.32,28/04/2021
Vndirect.com.vn,4.4,29/04/2021
Elyamnelaraby.com,1,30/04/2021
Alayyam.info,2.7,01/05/2021
Yemen.net.ye,2.4,02/05/2021
Sahafah24.net,9.9,03/05/2021
Yalla-shoot.com,3.6,04/05/2021
Yemenhr.com,3.3,05/05/2021
Sahafah24.com,11,06/05/2021
Sahafahn.net,15,07/05/2021
Yalla-shoot-new.com,3.26,08/05/2021
Mpokora-online.com,3.6,09/05/2021
Online-kora.com,2.8,10/05/2021
Alyemenione.com,25,11/05/2021
Almasirah.net,4.6,12/05/2021
Yalla-shoot-7asry.com,3.58,13/05/2021
Alkhabaralyemeni.net,5.5,14/05/2021
Sahafahn.com,7,15/05/2021
Www.saba.ye,4.6,16/05/2021
Korastare.com,4.4,17/05/2021
Movizland.online,4.98,18/05/2021
7obtv.net,3,19/05/2021
Zimeye.net,2.4,20/05/2021
Nehandaradio.com,1.8,21/05/2021
Vacancymail.co.zw,5.6,22/05/2021
Zimra.co.zw,4.7,23/05/2021
Google.co.zw,3,24/05/2021
Pindula.co.zw,1.9,25/05/2021
Zou.ac.zw,3.4,26/05/2021
Iharare.com,4.1,27/05/2021
Herald.co.zw,2.5,28/05/2021
Msu.ac.zw,2.5,29/05/2021
O2tvseries.com,7.89,30/05/2021
Classifieds.co.zw,3.4,31/05/2021
Tandfonline.com,1.82,01/06/2021
Newsdzezimbabwe.co.uk,2.6,02/06/2021
Bulawayo24.com,2.2,03/06/2021
Uz.ac.zw,2.9,04/06/2021
Fbc.co.zw,3,05/06/2021
Mp3juices.cc,1,06/06/2021
O2tv.org,4.4,07/06/2021
Chronicle.co.zw,2.8,08/06/2021
Rarbgdata.org,10,09/06/2021
Gethost.co.zw,19,10/06/2021
Ask.com,2.23,11/06/2021
Tremhost.com,4.6,12/06/2021
Toxicwap.com,10,13/06/2021